HCHO Reading,Location,Current Date,Next Date
,"Deniyaya, Matara",2019-01-01,2019-01-02
5.803530712000793e-06,"Deniyaya, Matara",2019-01-02,2019-01-03
0.0002362357772653,"Deniyaya, Matara",2019-01-03,2019-01-04
6.437245753953118e-05,"Deniyaya, Matara",2019-01-04,2019-01-05
5.349707092885017e-05,"Deniyaya, Matara",2019-01-05,2019-01-06
0.0001315594859189,"Deniyaya, Matara",2019-01-06,2019-01-07
6.269859896976347e-05,"Deniyaya, Matara",2019-01-07,2019-01-08
2.298263979970634e-05,"Deniyaya, Matara",2019-01-08,2019-01-09
,"Deniyaya, Matara",2019-01-09,2019-01-10
7.190247186715247e-05,"Deniyaya, Matara",2019-01-10,2019-01-11
0.0001542091441034,"Deniyaya, Matara",2019-01-11,2019-01-12
0.0001406986305217,"Deniyaya, Matara",2019-01-12,2019-01-13
,"Deniyaya, Matara",2019-01-13,2019-01-14
,"Deniyaya, Matara",2019-01-14,2019-01-15
7.187311712186784e-05,"Deniyaya, Matara",2019-01-15,2019-01-16
3.5053075407631695e-05,"Deniyaya, Matara",2019-01-16,2019-01-17
0.0001694853136055,"Deniyaya, Matara",2019-01-17,2019-01-18
0.0003082256948783,"Deniyaya, Matara",2019-01-18,2019-01-19
0.0008997101837438,"Deniyaya, Matara",2019-01-19,2019-01-20
6.0375266285424514e-05,"Deniyaya, Matara",2019-01-20,2019-01-21
-7.58294658224229e-05,"Deniyaya, Matara",2019-01-21,2019-01-22
3.363791867442001e-05,"Deniyaya, Matara",2019-01-22,2019-01-23
0.0001753175803488,"Deniyaya, Matara",2019-01-23,2019-01-24
5.2793313875356256e-05,"Deniyaya, Matara",2019-01-24,2019-01-25
,"Deniyaya, Matara",2019-01-25,2019-01-26
,"Deniyaya, Matara",2019-01-26,2019-01-27
,"Deniyaya, Matara",2019-01-27,2019-01-28
0.0001586517467092,"Deniyaya, Matara",2019-01-28,2019-01-29
0.0001037720817875,"Deniyaya, Matara",2019-01-29,2019-01-30
,"Deniyaya, Matara",2019-01-30,2019-01-31
4.768084267461017e-05,"Deniyaya, Matara",2019-01-31,2019-02-01
5.617168790830808e-05,"Deniyaya, Matara",2019-02-01,2019-02-02
-1.3768205917585874e-06,"Deniyaya, Matara",2019-02-02,2019-02-03
0.0001028843263981,"Deniyaya, Matara",2019-02-03,2019-02-04
0.000103548176412,"Deniyaya, Matara",2019-02-04,2019-02-05
8.412867361170815e-05,"Deniyaya, Matara",2019-02-05,2019-02-06
-2.009600759496182e-06,"Deniyaya, Matara",2019-02-06,2019-02-07
0.0001495798303155,"Deniyaya, Matara",2019-02-07,2019-02-08
0.0002421511611906,"Deniyaya, Matara",2019-02-08,2019-02-09
,"Deniyaya, Matara",2019-02-09,2019-02-10
,"Deniyaya, Matara",2019-02-10,2019-02-11
9.253276543587998e-05,"Deniyaya, Matara",2019-02-11,2019-02-12
0.0001574102690481,"Deniyaya, Matara",2019-02-12,2019-02-13
6.523994226828871e-05,"Deniyaya, Matara",2019-02-13,2019-02-14
-0.0001202388983189,"Deniyaya, Matara",2019-02-14,2019-02-15
,"Deniyaya, Matara",2019-02-15,2019-02-16
8.038732615390482e-05,"Deniyaya, Matara",2019-02-16,2019-02-17
0.0005638530012409,"Deniyaya, Matara",2019-02-17,2019-02-18
0.0001293821304845,"Deniyaya, Matara",2019-02-18,2019-02-19
0.0001168615135118,"Deniyaya, Matara",2019-02-19,2019-02-20
8.337509543093406e-05,"Deniyaya, Matara",2019-02-20,2019-02-21
2.514510513135289e-05,"Deniyaya, Matara",2019-02-21,2019-02-22
0.0001425070075459,"Deniyaya, Matara",2019-02-22,2019-02-23
0.0001366694245436,"Deniyaya, Matara",2019-02-23,2019-02-24
0.0001627625602433,"Deniyaya, Matara",2019-02-24,2019-02-25
0.0001543677869547,"Deniyaya, Matara",2019-02-25,2019-02-26
,"Deniyaya, Matara",2019-02-26,2019-02-27
,"Deniyaya, Matara",2019-02-27,2019-02-28
0.0001663931743162,"Deniyaya, Matara",2019-02-28,2019-03-01
,"Deniyaya, Matara",2019-03-01,2019-03-02
-2.715724766397789e-05,"Deniyaya, Matara",2019-03-02,2019-03-03
0.0004122660029679,"Deniyaya, Matara",2019-03-03,2019-03-04
,"Deniyaya, Matara",2019-03-04,2019-03-05
,"Deniyaya, Matara",2019-03-05,2019-03-06
9.971738595225878e-05,"Deniyaya, Matara",2019-03-06,2019-03-07
0.0001356645928779,"Deniyaya, Matara",2019-03-07,2019-03-08
9.87355639618488e-05,"Deniyaya, Matara",2019-03-08,2019-03-09
,"Deniyaya, Matara",2019-03-09,2019-03-10
5.646698909773664e-05,"Deniyaya, Matara",2019-03-10,2019-03-11
0.0001590144307147,"Deniyaya, Matara",2019-03-11,2019-03-12
0.0001171489486397,"Deniyaya, Matara",2019-03-12,2019-03-13
,"Deniyaya, Matara",2019-03-13,2019-03-14
0.0002678319367111,"Deniyaya, Matara",2019-03-14,2019-03-15
0.0001973485736028,"Deniyaya, Matara",2019-03-15,2019-03-16
5.13548232774661e-05,"Deniyaya, Matara",2019-03-16,2019-03-17
,"Deniyaya, Matara",2019-03-17,2019-03-18
4.457512841327116e-05,"Deniyaya, Matara",2019-03-18,2019-03-19
0.0002551880668476,"Deniyaya, Matara",2019-03-19,2019-03-20
8.954724124801195e-05,"Deniyaya, Matara",2019-03-20,2019-03-21
,"Deniyaya, Matara",2019-03-21,2019-03-22
0.0001081070493299,"Deniyaya, Matara",2019-03-22,2019-03-23
0.0001883458499592,"Deniyaya, Matara",2019-03-23,2019-03-24
0.000171727504349,"Deniyaya, Matara",2019-03-24,2019-03-25
0.0003326517375935,"Deniyaya, Matara",2019-03-25,2019-03-26
0.0001650504145461,"Deniyaya, Matara",2019-03-26,2019-03-27
0.0001789494366016,"Deniyaya, Matara",2019-03-27,2019-03-28
0.0001818030703527,"Deniyaya, Matara",2019-03-28,2019-03-29
4.044847087752865e-05,"Deniyaya, Matara",2019-03-29,2019-03-30
-3.0314153493748305e-05,"Deniyaya, Matara",2019-03-30,2019-03-31
,"Deniyaya, Matara",2019-03-31,2019-04-01
0.0001046297780589,"Deniyaya, Matara",2019-04-01,2019-04-02
8.128573946871756e-05,"Deniyaya, Matara",2019-04-02,2019-04-03
6.149668792726311e-05,"Deniyaya, Matara",2019-04-03,2019-04-04
9.296972991768896e-05,"Deniyaya, Matara",2019-04-04,2019-04-05
,"Deniyaya, Matara",2019-04-05,2019-04-06
0.0001659114059293,"Deniyaya, Matara",2019-04-06,2019-04-07
,"Deniyaya, Matara",2019-04-07,2019-04-08
0.000143890350864,"Deniyaya, Matara",2019-04-08,2019-04-09
,"Deniyaya, Matara",2019-04-09,2019-04-10
6.20313630194549e-05,"Deniyaya, Matara",2019-04-10,2019-04-11
8.426213025813922e-05,"Deniyaya, Matara",2019-04-11,2019-04-12
0.0001655760267849,"Deniyaya, Matara",2019-04-12,2019-04-13
0.0002243445980376,"Deniyaya, Matara",2019-04-13,2019-04-14
,"Deniyaya, Matara",2019-04-14,2019-04-15
,"Deniyaya, Matara",2019-04-15,2019-04-16
,"Deniyaya, Matara",2019-04-16,2019-04-17
,"Deniyaya, Matara",2019-04-17,2019-04-18
0.0001076937462352,"Deniyaya, Matara",2019-04-18,2019-04-19
,"Deniyaya, Matara",2019-04-19,2019-04-20
,"Deniyaya, Matara",2019-04-20,2019-04-21
,"Deniyaya, Matara",2019-04-21,2019-04-22
0.0001167011796496,"Deniyaya, Matara",2019-04-22,2019-04-23
5.12579766773392e-05,"Deniyaya, Matara",2019-04-23,2019-04-24
0.0001783669821192,"Deniyaya, Matara",2019-04-24,2019-04-25
,"Deniyaya, Matara",2019-04-25,2019-04-26
,"Deniyaya, Matara",2019-04-26,2019-04-27
,"Deniyaya, Matara",2019-04-27,2019-04-28
0.0001871501881396,"Deniyaya, Matara",2019-04-28,2019-04-29
,"Deniyaya, Matara",2019-04-29,2019-04-30
,"Deniyaya, Matara",2019-04-30,2019-05-01
0.0001513876780742,"Deniyaya, Matara",2019-05-01,2019-05-02
,"Deniyaya, Matara",2019-05-02,2019-05-03
,"Deniyaya, Matara",2019-05-03,2019-05-04
5.434144155589335e-05,"Deniyaya, Matara",2019-05-04,2019-05-05
7.521904743490836e-05,"Deniyaya, Matara",2019-05-05,2019-05-06
6.477919130672735e-05,"Deniyaya, Matara",2019-05-06,2019-05-07
8.903688521043591e-05,"Deniyaya, Matara",2019-05-07,2019-05-08
0.0001266048084834,"Deniyaya, Matara",2019-05-08,2019-05-09
0.0001186255669854,"Deniyaya, Matara",2019-05-09,2019-05-10
8.904187787431491e-05,"Deniyaya, Matara",2019-05-10,2019-05-11
2.949114473778149e-05,"Deniyaya, Matara",2019-05-11,2019-05-12
4.16907598251222e-05,"Deniyaya, Matara",2019-05-12,2019-05-13
,"Deniyaya, Matara",2019-05-13,2019-05-14
9.758382500903084e-05,"Deniyaya, Matara",2019-05-14,2019-05-15
0.0001890657581933,"Deniyaya, Matara",2019-05-15,2019-05-16
0.0001197343556303,"Deniyaya, Matara",2019-05-16,2019-05-17
0.0001049880638621,"Deniyaya, Matara",2019-05-17,2019-05-18
,"Deniyaya, Matara",2019-05-18,2019-05-19
9.658265808306529e-05,"Deniyaya, Matara",2019-05-19,2019-05-20
1.0668271897884551e-05,"Deniyaya, Matara",2019-05-20,2019-05-21
0.000314141457475,"Deniyaya, Matara",2019-05-21,2019-05-22
,"Deniyaya, Matara",2019-05-22,2019-05-23
,"Deniyaya, Matara",2019-05-23,2019-05-24
8.360032868662833e-05,"Deniyaya, Matara",2019-05-24,2019-05-25
5.2382561264022686e-05,"Deniyaya, Matara",2019-05-25,2019-05-26
0.0001127015595865,"Deniyaya, Matara",2019-05-26,2019-05-27
0.000110648214343,"Deniyaya, Matara",2019-05-27,2019-05-28
0.0001113564054257,"Deniyaya, Matara",2019-05-28,2019-05-29
,"Deniyaya, Matara",2019-05-29,2019-05-30
,"Deniyaya, Matara",2019-05-30,2019-05-31
0.0001309619983658,"Deniyaya, Matara",2019-05-31,2019-06-01
7.860539060937241e-05,"Deniyaya, Matara",2019-06-01,2019-06-02
,"Deniyaya, Matara",2019-06-02,2019-06-03
1.947566942113532e-05,"Deniyaya, Matara",2019-06-03,2019-06-04
,"Deniyaya, Matara",2019-06-04,2019-06-05
,"Deniyaya, Matara",2019-06-05,2019-06-06
,"Deniyaya, Matara",2019-06-06,2019-06-07
,"Deniyaya, Matara",2019-06-07,2019-06-08
,"Deniyaya, Matara",2019-06-08,2019-06-09
8.82573060809885e-05,"Deniyaya, Matara",2019-06-09,2019-06-10
,"Deniyaya, Matara",2019-06-10,2019-06-11
0.0002606536600287,"Deniyaya, Matara",2019-06-11,2019-06-12
,"Deniyaya, Matara",2019-06-12,2019-06-13
0.0001034896122957,"Deniyaya, Matara",2019-06-13,2019-06-14
,"Deniyaya, Matara",2019-06-14,2019-06-15
9.794863285570833e-05,"Deniyaya, Matara",2019-06-15,2019-06-16
0.0001217725225117,"Deniyaya, Matara",2019-06-16,2019-06-17
,"Deniyaya, Matara",2019-06-17,2019-06-18
-1.1336369400820557e-05,"Deniyaya, Matara",2019-06-18,2019-06-19
,"Deniyaya, Matara",2019-06-19,2019-06-20
3.626547253389472e-05,"Deniyaya, Matara",2019-06-20,2019-06-21
,"Deniyaya, Matara",2019-06-21,2019-06-22
,"Deniyaya, Matara",2019-06-22,2019-06-23
,"Deniyaya, Matara",2019-06-23,2019-06-24
,"Deniyaya, Matara",2019-06-24,2019-06-25
3.066723729716614e-05,"Deniyaya, Matara",2019-06-25,2019-06-26
5.938476593081348e-05,"Deniyaya, Matara",2019-06-26,2019-06-27
0.0001501880620112,"Deniyaya, Matara",2019-06-27,2019-06-28
8.48560045610269e-08,"Deniyaya, Matara",2019-06-28,2019-06-29
1.865870755620224e-05,"Deniyaya, Matara",2019-06-29,2019-06-30
8.076289701838124e-05,"Deniyaya, Matara",2019-06-30,2019-07-01
0.0001565128040965,"Deniyaya, Matara",2019-07-01,2019-07-02
7.822883224906507e-05,"Deniyaya, Matara",2019-07-02,2019-07-03
,"Deniyaya, Matara",2019-07-03,2019-07-04
6.491148472259721e-05,"Deniyaya, Matara",2019-07-04,2019-07-05
0.0001015658193247,"Deniyaya, Matara",2019-07-05,2019-07-06
0.0001854224783202,"Deniyaya, Matara",2019-07-06,2019-07-07
9.519535246307652e-05,"Deniyaya, Matara",2019-07-07,2019-07-08
0.000122118023414,"Deniyaya, Matara",2019-07-08,2019-07-09
,"Deniyaya, Matara",2019-07-09,2019-07-10
3.5168823276630766e-05,"Deniyaya, Matara",2019-07-10,2019-07-11
9.399985364620808e-05,"Deniyaya, Matara",2019-07-11,2019-07-12
9.815205823701609e-05,"Deniyaya, Matara",2019-07-12,2019-07-13
0.000155182766871,"Deniyaya, Matara",2019-07-13,2019-07-14
3.06090383772373e-05,"Deniyaya, Matara",2019-07-14,2019-07-15
,"Deniyaya, Matara",2019-07-15,2019-07-16
3.9205342571432974e-05,"Deniyaya, Matara",2019-07-16,2019-07-17
,"Deniyaya, Matara",2019-07-17,2019-07-18
,"Deniyaya, Matara",2019-07-18,2019-07-19
,"Deniyaya, Matara",2019-07-19,2019-07-20
,"Deniyaya, Matara",2019-07-20,2019-07-21
,"Deniyaya, Matara",2019-07-21,2019-07-22
,"Deniyaya, Matara",2019-07-22,2019-07-23
2.7530496770538245e-05,"Deniyaya, Matara",2019-07-23,2019-07-24
1.917795009592158e-06,"Deniyaya, Matara",2019-07-24,2019-07-25
,"Deniyaya, Matara",2019-07-25,2019-07-26
-1.7439164260629638e-05,"Deniyaya, Matara",2019-07-26,2019-07-27
1.6406873869175554e-05,"Deniyaya, Matara",2019-07-27,2019-07-28
-4.995843540715808e-06,"Deniyaya, Matara",2019-07-28,2019-07-29
0.0001339288013077,"Deniyaya, Matara",2019-07-29,2019-07-30
-7.03567768815656e-05,"Deniyaya, Matara",2019-07-30,2019-07-31
3.6934841833654336e-05,"Deniyaya, Matara",2019-07-31,2019-08-01
6.79387627216613e-05,"Deniyaya, Matara",2019-08-01,2019-08-02
,"Deniyaya, Matara",2019-08-02,2019-08-03
0.0001027113576807,"Deniyaya, Matara",2019-08-03,2019-08-04
7.763261304247379e-05,"Deniyaya, Matara",2019-08-04,2019-08-05
5.245533362906521e-05,"Deniyaya, Matara",2019-08-05,2019-08-06
,"Deniyaya, Matara",2019-08-06,2019-08-07
,"Deniyaya, Matara",2019-08-07,2019-08-08
,"Deniyaya, Matara",2019-08-08,2019-08-09
,"Deniyaya, Matara",2019-08-09,2019-08-10
,"Deniyaya, Matara",2019-08-10,2019-08-11
,"Deniyaya, Matara",2019-08-11,2019-08-12
-1.6567200397283402e-05,"Deniyaya, Matara",2019-08-12,2019-08-13
,"Deniyaya, Matara",2019-08-13,2019-08-14
,"Deniyaya, Matara",2019-08-14,2019-08-15
,"Deniyaya, Matara",2019-08-15,2019-08-16
,"Deniyaya, Matara",2019-08-16,2019-08-17
,"Deniyaya, Matara",2019-08-17,2019-08-18
4.8707759228402166e-05,"Deniyaya, Matara",2019-08-18,2019-08-19
1.187302498785714e-05,"Deniyaya, Matara",2019-08-19,2019-08-20
0.0002373940806137,"Deniyaya, Matara",2019-08-20,2019-08-21
,"Deniyaya, Matara",2019-08-21,2019-08-22
,"Deniyaya, Matara",2019-08-22,2019-08-23
,"Deniyaya, Matara",2019-08-23,2019-08-24
,"Deniyaya, Matara",2019-08-24,2019-08-25
,"Deniyaya, Matara",2019-08-25,2019-08-26
,"Deniyaya, Matara",2019-08-26,2019-08-27
,"Deniyaya, Matara",2019-08-27,2019-08-28
,"Deniyaya, Matara",2019-08-28,2019-08-29
6.798230223314625e-05,"Deniyaya, Matara",2019-08-29,2019-08-30
0.0001003325498068,"Deniyaya, Matara",2019-08-30,2019-08-31
,"Deniyaya, Matara",2019-08-31,2019-09-01
,"Deniyaya, Matara",2019-09-01,2019-09-02
6.411903520786512e-05,"Deniyaya, Matara",2019-09-02,2019-09-03
9.78157384524139e-05,"Deniyaya, Matara",2019-09-03,2019-09-04
9.791662909121674e-05,"Deniyaya, Matara",2019-09-04,2019-09-05
,"Deniyaya, Matara",2019-09-05,2019-09-06
,"Deniyaya, Matara",2019-09-06,2019-09-07
7.900931868731356e-05,"Deniyaya, Matara",2019-09-07,2019-09-08
-1.9800126716534245e-05,"Deniyaya, Matara",2019-09-08,2019-09-09
4.326489287765812e-05,"Deniyaya, Matara",2019-09-09,2019-09-10
4.263753551153884e-05,"Deniyaya, Matara",2019-09-10,2019-09-11
,"Deniyaya, Matara",2019-09-11,2019-09-12
8.720108094777346e-05,"Deniyaya, Matara",2019-09-12,2019-09-13
7.855770871679348e-05,"Deniyaya, Matara",2019-09-13,2019-09-14
,"Deniyaya, Matara",2019-09-14,2019-09-15
,"Deniyaya, Matara",2019-09-15,2019-09-16
,"Deniyaya, Matara",2019-09-16,2019-09-17
,"Deniyaya, Matara",2019-09-17,2019-09-18
,"Deniyaya, Matara",2019-09-18,2019-09-19
,"Deniyaya, Matara",2019-09-19,2019-09-20
,"Deniyaya, Matara",2019-09-20,2019-09-21
2.78876797254711e-05,"Deniyaya, Matara",2019-09-21,2019-09-22
,"Deniyaya, Matara",2019-09-22,2019-09-23
,"Deniyaya, Matara",2019-09-23,2019-09-24
,"Deniyaya, Matara",2019-09-24,2019-09-25
,"Deniyaya, Matara",2019-09-25,2019-09-26
,"Deniyaya, Matara",2019-09-26,2019-09-27
,"Deniyaya, Matara",2019-09-27,2019-09-28
,"Deniyaya, Matara",2019-09-28,2019-09-29
8.320224946993188e-05,"Deniyaya, Matara",2019-09-29,2019-09-30
1.9647603158705263e-05,"Deniyaya, Matara",2019-09-30,2019-10-01
0.000117836499168,"Deniyaya, Matara",2019-10-01,2019-10-02
,"Deniyaya, Matara",2019-10-02,2019-10-03
,"Deniyaya, Matara",2019-10-03,2019-10-04
-0.0001226669264724,"Deniyaya, Matara",2019-10-04,2019-10-05
,"Deniyaya, Matara",2019-10-05,2019-10-06
4.612769316736376e-06,"Deniyaya, Matara",2019-10-06,2019-10-07
-5.005087337895441e-06,"Deniyaya, Matara",2019-10-07,2019-10-08
,"Deniyaya, Matara",2019-10-08,2019-10-09
,"Deniyaya, Matara",2019-10-09,2019-10-10
,"Deniyaya, Matara",2019-10-10,2019-10-11
,"Deniyaya, Matara",2019-10-11,2019-10-12
,"Deniyaya, Matara",2019-10-12,2019-10-13
7.59858494096762e-05,"Deniyaya, Matara",2019-10-13,2019-10-14
1.83682831601389e-05,"Deniyaya, Matara",2019-10-14,2019-10-15
,"Deniyaya, Matara",2019-10-15,2019-10-16
,"Deniyaya, Matara",2019-10-16,2019-10-17
0.0002317053602408,"Deniyaya, Matara",2019-10-17,2019-10-18
,"Deniyaya, Matara",2019-10-18,2019-10-19
,"Deniyaya, Matara",2019-10-19,2019-10-20
,"Deniyaya, Matara",2019-10-20,2019-10-21
,"Deniyaya, Matara",2019-10-21,2019-10-22
,"Deniyaya, Matara",2019-10-22,2019-10-23
,"Deniyaya, Matara",2019-10-23,2019-10-24
,"Deniyaya, Matara",2019-10-24,2019-10-25
,"Deniyaya, Matara",2019-10-25,2019-10-26
,"Deniyaya, Matara",2019-10-26,2019-10-27
,"Deniyaya, Matara",2019-10-27,2019-10-28
,"Deniyaya, Matara",2019-10-28,2019-10-29
,"Deniyaya, Matara",2019-10-29,2019-10-30
,"Deniyaya, Matara",2019-10-30,2019-10-31
0.0002290918466488,"Deniyaya, Matara",2019-10-31,2019-11-01
,"Deniyaya, Matara",2019-11-01,2019-11-02
-0.0001996380306081,"Deniyaya, Matara",2019-11-02,2019-11-03
,"Deniyaya, Matara",2019-11-03,2019-11-04
,"Deniyaya, Matara",2019-11-04,2019-11-05
,"Deniyaya, Matara",2019-11-05,2019-11-06
0.0002161975617461,"Deniyaya, Matara",2019-11-06,2019-11-07
0.0001877186378125,"Deniyaya, Matara",2019-11-07,2019-11-08
7.553392172272982e-05,"Deniyaya, Matara",2019-11-08,2019-11-09
,"Deniyaya, Matara",2019-11-09,2019-11-10
,"Deniyaya, Matara",2019-11-10,2019-11-11
0.0002234721468994,"Deniyaya, Matara",2019-11-11,2019-11-12
,"Deniyaya, Matara",2019-11-12,2019-11-13
0.0001128827506019,"Deniyaya, Matara",2019-11-13,2019-11-14
5.815962265760409e-05,"Deniyaya, Matara",2019-11-14,2019-11-15
-9.728603617986664e-05,"Deniyaya, Matara",2019-11-15,2019-11-16
6.111619864362443e-05,"Deniyaya, Matara",2019-11-16,2019-11-17
0.0001113500110585,"Deniyaya, Matara",2019-11-17,2019-11-18
8.669282646079637e-05,"Deniyaya, Matara",2019-11-18,2019-11-19
,"Deniyaya, Matara",2019-11-19,2019-11-20
6.167588874374884e-05,"Deniyaya, Matara",2019-11-20,2019-11-21
8.329670267707673e-05,"Deniyaya, Matara",2019-11-21,2019-11-22
0.000158744442784,"Deniyaya, Matara",2019-11-22,2019-11-23
-9.125054756451936e-06,"Deniyaya, Matara",2019-11-23,2019-11-24
-9.875609976006672e-05,"Deniyaya, Matara",2019-11-24,2019-11-25
-0.0001494041498517,"Deniyaya, Matara",2019-11-25,2019-11-26
,"Deniyaya, Matara",2019-11-26,2019-11-27
8.082623468883076e-05,"Deniyaya, Matara",2019-11-27,2019-11-28
,"Deniyaya, Matara",2019-11-28,2019-11-29
0.0001039900997813,"Deniyaya, Matara",2019-11-29,2019-11-30
,"Deniyaya, Matara",2019-11-30,2019-12-01
0.0001545732520753,"Deniyaya, Matara",2019-12-01,2019-12-02
0.0002290982823012,"Deniyaya, Matara",2019-12-02,2019-12-03
,"Deniyaya, Matara",2019-12-03,2019-12-04
,"Deniyaya, Matara",2019-12-04,2019-12-05
,"Deniyaya, Matara",2019-12-05,2019-12-06
6.279132131055396e-05,"Deniyaya, Matara",2019-12-06,2019-12-07
,"Deniyaya, Matara",2019-12-07,2019-12-08
,"Deniyaya, Matara",2019-12-08,2019-12-09
,"Deniyaya, Matara",2019-12-09,2019-12-10
3.668150748126209e-05,"Deniyaya, Matara",2019-12-10,2019-12-11
,"Deniyaya, Matara",2019-12-11,2019-12-12
,"Deniyaya, Matara",2019-12-12,2019-12-13
4.62315488663879e-06,"Deniyaya, Matara",2019-12-13,2019-12-14
0.0001486373962426,"Deniyaya, Matara",2019-12-14,2019-12-15
0.0001227165762943,"Deniyaya, Matara",2019-12-15,2019-12-16
0.0001229212800705,"Deniyaya, Matara",2019-12-16,2019-12-17
,"Deniyaya, Matara",2019-12-17,2019-12-18
0.0001877353206509,"Deniyaya, Matara",2019-12-18,2019-12-19
5.3307634495522295e-05,"Deniyaya, Matara",2019-12-19,2019-12-20
,"Deniyaya, Matara",2019-12-20,2019-12-21
3.737863824244148e-05,"Deniyaya, Matara",2019-12-21,2019-12-22
,"Deniyaya, Matara",2019-12-22,2019-12-23
8.239901598712222e-05,"Deniyaya, Matara",2019-12-23,2019-12-24
0.0001175895423397,"Deniyaya, Matara",2019-12-24,2019-12-25
6.322827935514696e-05,"Deniyaya, Matara",2019-12-25,2019-12-26
0.0002801681133864,"Deniyaya, Matara",2019-12-26,2019-12-27
2.508077095769896e-05,"Deniyaya, Matara",2019-12-27,2019-12-28
,"Deniyaya, Matara",2019-12-28,2019-12-29
0.0001125148774131,"Deniyaya, Matara",2019-12-29,2019-12-30
5.958212666452036e-05,"Deniyaya, Matara",2019-12-30,2019-12-31
3.443339602476807e-05,"Deniyaya, Matara",2019-12-31,2020-01-01
5.582477187917614e-05,"Deniyaya, Matara",2020-01-01,2020-01-02
4.323339089751243e-05,"Deniyaya, Matara",2020-01-02,2020-01-03
0.0001348303220805,"Deniyaya, Matara",2020-01-03,2020-01-04
7.345198097368317e-05,"Deniyaya, Matara",2020-01-04,2020-01-05
2.321362493548122e-05,"Deniyaya, Matara",2020-01-05,2020-01-06
5.4160664857132805e-05,"Deniyaya, Matara",2020-01-06,2020-01-07
8.050683431295243e-05,"Deniyaya, Matara",2020-01-07,2020-01-08
4.716895767844027e-05,"Deniyaya, Matara",2020-01-08,2020-01-09
0.0001577781896422,"Deniyaya, Matara",2020-01-09,2020-01-10
0.0001793478869622,"Deniyaya, Matara",2020-01-10,2020-01-11
9.41050512969195e-05,"Deniyaya, Matara",2020-01-11,2020-01-12
,"Deniyaya, Matara",2020-01-12,2020-01-13
0.0001152762997662,"Deniyaya, Matara",2020-01-13,2020-01-14
,"Deniyaya, Matara",2020-01-14,2020-01-15
3.034482369753957e-05,"Deniyaya, Matara",2020-01-15,2020-01-16
7.061637462092352e-06,"Deniyaya, Matara",2020-01-16,2020-01-17
,"Deniyaya, Matara",2020-01-17,2020-01-18
-3.063655407360958e-05,"Deniyaya, Matara",2020-01-18,2020-01-19
0.0002380160347689,"Deniyaya, Matara",2020-01-19,2020-01-20
8.649788570140081e-05,"Deniyaya, Matara",2020-01-20,2020-01-21
5.912812620378361e-05,"Deniyaya, Matara",2020-01-21,2020-01-22
0.0001127059149439,"Deniyaya, Matara",2020-01-22,2020-01-23
4.176835190634863e-05,"Deniyaya, Matara",2020-01-23,2020-01-24
0.0001065585373179,"Deniyaya, Matara",2020-01-24,2020-01-25
0.0001661374720926,"Deniyaya, Matara",2020-01-25,2020-01-26
7.276855495625505e-05,"Deniyaya, Matara",2020-01-26,2020-01-27
,"Deniyaya, Matara",2020-01-27,2020-01-28
6.942144958326742e-05,"Deniyaya, Matara",2020-01-28,2020-01-29
0.0001887968234636,"Deniyaya, Matara",2020-01-29,2020-01-30
7.285972572016812e-05,"Deniyaya, Matara",2020-01-30,2020-01-31
0.0002529024599017,"Deniyaya, Matara",2020-01-31,2020-02-01
0.0001415127839008,"Deniyaya, Matara",2020-02-01,2020-02-02
7.155292117745567e-05,"Deniyaya, Matara",2020-02-02,2020-02-03
3.034274868696229e-06,"Deniyaya, Matara",2020-02-03,2020-02-04
,"Deniyaya, Matara",2020-02-04,2020-02-05
,"Deniyaya, Matara",2020-02-05,2020-02-06
0.0002128889628819,"Deniyaya, Matara",2020-02-06,2020-02-07
9.207190091336028e-05,"Deniyaya, Matara",2020-02-07,2020-02-08
,"Deniyaya, Matara",2020-02-08,2020-02-09
0.0001354965851584,"Deniyaya, Matara",2020-02-09,2020-02-10
0.0001617020217739,"Deniyaya, Matara",2020-02-10,2020-02-11
0.0001742292469876,"Deniyaya, Matara",2020-02-11,2020-02-12
0.0002540055798295,"Deniyaya, Matara",2020-02-12,2020-02-13
3.371115622175777e-05,"Deniyaya, Matara",2020-02-13,2020-02-14
,"Deniyaya, Matara",2020-02-14,2020-02-15
,"Deniyaya, Matara",2020-02-15,2020-02-16
0.0001794127728646,"Deniyaya, Matara",2020-02-16,2020-02-17
0.0002209353604297,"Deniyaya, Matara",2020-02-17,2020-02-18
6.674241804341922e-05,"Deniyaya, Matara",2020-02-18,2020-02-19
0.0001222466447894,"Deniyaya, Matara",2020-02-19,2020-02-20
8.883904957213684e-05,"Deniyaya, Matara",2020-02-20,2020-02-21
-1.5101279314800582e-05,"Deniyaya, Matara",2020-02-21,2020-02-22
,"Deniyaya, Matara",2020-02-22,2020-02-23
0.0001415435780818,"Deniyaya, Matara",2020-02-23,2020-02-24
6.469066327585497e-05,"Deniyaya, Matara",2020-02-24,2020-02-25
2.3133790736772745e-05,"Deniyaya, Matara",2020-02-25,2020-02-26
6.435616459262533e-05,"Deniyaya, Matara",2020-02-26,2020-02-27
0.0001474108560456,"Deniyaya, Matara",2020-02-27,2020-02-28
7.261802893327325e-05,"Deniyaya, Matara",2020-02-28,2020-02-29
,"Deniyaya, Matara",2020-02-29,2020-03-01
,"Deniyaya, Matara",2020-03-01,2020-03-02
0.0002432750616004,"Deniyaya, Matara",2020-03-02,2020-03-03
0.0001371470386965,"Deniyaya, Matara",2020-03-03,2020-03-04
0.0003196327910867,"Deniyaya, Matara",2020-03-04,2020-03-05
,"Deniyaya, Matara",2020-03-05,2020-03-06
,"Deniyaya, Matara",2020-03-06,2020-03-07
9.590982845119733e-05,"Deniyaya, Matara",2020-03-07,2020-03-08
8.151255612816e-05,"Deniyaya, Matara",2020-03-08,2020-03-09
0.0002133951068221,"Deniyaya, Matara",2020-03-09,2020-03-10
8.807318490189663e-05,"Deniyaya, Matara",2020-03-10,2020-03-11
0.0001212261634002,"Deniyaya, Matara",2020-03-11,2020-03-12
0.0001866045606144,"Deniyaya, Matara",2020-03-12,2020-03-13
0.0002164612674754,"Deniyaya, Matara",2020-03-13,2020-03-14
0.0001451271620085,"Deniyaya, Matara",2020-03-14,2020-03-15
7.107494193457907e-05,"Deniyaya, Matara",2020-03-15,2020-03-16
1.4219102992139211e-05,"Deniyaya, Matara",2020-03-16,2020-03-17
,"Deniyaya, Matara",2020-03-17,2020-03-18
0.0002336150704328,"Deniyaya, Matara",2020-03-18,2020-03-19
6.550971145592522e-05,"Deniyaya, Matara",2020-03-19,2020-03-20
4.255753104668866e-05,"Deniyaya, Matara",2020-03-20,2020-03-21
0.0001205499327439,"Deniyaya, Matara",2020-03-21,2020-03-22
0.0001706812737525,"Deniyaya, Matara",2020-03-22,2020-03-23
0.0001902743112101,"Deniyaya, Matara",2020-03-23,2020-03-24
0.0001626924924219,"Deniyaya, Matara",2020-03-24,2020-03-25
0.0001398410212964,"Deniyaya, Matara",2020-03-25,2020-03-26
0.0002149587402132,"Deniyaya, Matara",2020-03-26,2020-03-27
0.0001548500985252,"Deniyaya, Matara",2020-03-27,2020-03-28
0.0001659523665068,"Deniyaya, Matara",2020-03-28,2020-03-29
0.0001050452628987,"Deniyaya, Matara",2020-03-29,2020-03-30
0.0002204980965198,"Deniyaya, Matara",2020-03-30,2020-03-31
0.0001623857386471,"Deniyaya, Matara",2020-03-31,2020-04-01
0.0001385958375868,"Deniyaya, Matara",2020-04-01,2020-04-02
0.0001188315780021,"Deniyaya, Matara",2020-04-02,2020-04-03
0.0001931528322209,"Deniyaya, Matara",2020-04-03,2020-04-04
,"Deniyaya, Matara",2020-04-04,2020-04-05
0.0002263844998637,"Deniyaya, Matara",2020-04-05,2020-04-06
,"Deniyaya, Matara",2020-04-06,2020-04-07
0.0001089687322607,"Deniyaya, Matara",2020-04-07,2020-04-08
0.0001147216354394,"Deniyaya, Matara",2020-04-08,2020-04-09
0.0001323069220559,"Deniyaya, Matara",2020-04-09,2020-04-10
9.85519800843023e-05,"Deniyaya, Matara",2020-04-10,2020-04-11
6.881059950028768e-05,"Deniyaya, Matara",2020-04-11,2020-04-12
3.27301412484459e-05,"Deniyaya, Matara",2020-04-12,2020-04-13
3.621056330483745e-05,"Deniyaya, Matara",2020-04-13,2020-04-14
0.0001241814675436,"Deniyaya, Matara",2020-04-14,2020-04-15
6.521946258410748e-05,"Deniyaya, Matara",2020-04-15,2020-04-16
2.395888714090688e-06,"Deniyaya, Matara",2020-04-16,2020-04-17
,"Deniyaya, Matara",2020-04-17,2020-04-18
6.948048640131524e-05,"Deniyaya, Matara",2020-04-18,2020-04-19
6.384248190519383e-05,"Deniyaya, Matara",2020-04-19,2020-04-20
0.000138173020811,"Deniyaya, Matara",2020-04-20,2020-04-21
0.0001303255564684,"Deniyaya, Matara",2020-04-21,2020-04-22
,"Deniyaya, Matara",2020-04-22,2020-04-23
3.486263002774481e-06,"Deniyaya, Matara",2020-04-23,2020-04-24
-7.571987892228614e-06,"Deniyaya, Matara",2020-04-24,2020-04-25
-0.0001798300261581,"Deniyaya, Matara",2020-04-25,2020-04-26
8.073384512511853e-05,"Deniyaya, Matara",2020-04-26,2020-04-27
0.0001121884341241,"Deniyaya, Matara",2020-04-27,2020-04-28
0.0002022100508204,"Deniyaya, Matara",2020-04-28,2020-04-29
9.111307020899032e-05,"Deniyaya, Matara",2020-04-29,2020-04-30
0.0001920155304563,"Deniyaya, Matara",2020-04-30,2020-05-01
0.0001749976495949,"Deniyaya, Matara",2020-05-01,2020-05-02
,"Deniyaya, Matara",2020-05-02,2020-05-03
,"Deniyaya, Matara",2020-05-03,2020-05-04
5.825853853115324e-05,"Deniyaya, Matara",2020-05-04,2020-05-05
,"Deniyaya, Matara",2020-05-05,2020-05-06
,"Deniyaya, Matara",2020-05-06,2020-05-07
-4.922578568208555e-05,"Deniyaya, Matara",2020-05-07,2020-05-08
0.0001066485002667,"Deniyaya, Matara",2020-05-08,2020-05-09
,"Deniyaya, Matara",2020-05-09,2020-05-10
,"Deniyaya, Matara",2020-05-10,2020-05-11
,"Deniyaya, Matara",2020-05-11,2020-05-12
8.813543154319978e-05,"Deniyaya, Matara",2020-05-12,2020-05-13
0.000130520584253,"Deniyaya, Matara",2020-05-13,2020-05-14
,"Deniyaya, Matara",2020-05-14,2020-05-15
0.000125077001634,"Deniyaya, Matara",2020-05-15,2020-05-16
,"Deniyaya, Matara",2020-05-16,2020-05-17
,"Deniyaya, Matara",2020-05-17,2020-05-18
0.0001085663751123,"Deniyaya, Matara",2020-05-18,2020-05-19
,"Deniyaya, Matara",2020-05-19,2020-05-20
8.066085494189349e-05,"Deniyaya, Matara",2020-05-20,2020-05-21
0.0001064809700281,"Deniyaya, Matara",2020-05-21,2020-05-22
,"Deniyaya, Matara",2020-05-22,2020-05-23
4.538882770357599e-05,"Deniyaya, Matara",2020-05-23,2020-05-24
5.450283041426242e-05,"Deniyaya, Matara",2020-05-24,2020-05-25
,"Deniyaya, Matara",2020-05-25,2020-05-26
0.0001745190751963,"Deniyaya, Matara",2020-05-26,2020-05-27
,"Deniyaya, Matara",2020-05-27,2020-05-28
,"Deniyaya, Matara",2020-05-28,2020-05-29
,"Deniyaya, Matara",2020-05-29,2020-05-30
9.748732206240254e-05,"Deniyaya, Matara",2020-05-30,2020-05-31
9.112752099849167e-05,"Deniyaya, Matara",2020-05-31,2020-06-01
8.765331116827676e-05,"Deniyaya, Matara",2020-06-01,2020-06-02
0.0001365986811061,"Deniyaya, Matara",2020-06-02,2020-06-03
4.755925841214103e-05,"Deniyaya, Matara",2020-06-03,2020-06-04
0.0001642768098681,"Deniyaya, Matara",2020-06-04,2020-06-05
2.940111799718637e-05,"Deniyaya, Matara",2020-06-05,2020-06-06
,"Deniyaya, Matara",2020-06-06,2020-06-07
,"Deniyaya, Matara",2020-06-07,2020-06-08
,"Deniyaya, Matara",2020-06-08,2020-06-09
2.50764877911081e-05,"Deniyaya, Matara",2020-06-09,2020-06-10
,"Deniyaya, Matara",2020-06-10,2020-06-11
4.234014420232019e-05,"Deniyaya, Matara",2020-06-11,2020-06-12
-2.881475514700113e-05,"Deniyaya, Matara",2020-06-12,2020-06-13
2.192511656417452e-05,"Deniyaya, Matara",2020-06-13,2020-06-14
9.755461637929395e-05,"Deniyaya, Matara",2020-06-14,2020-06-15
5.990239896855989e-05,"Deniyaya, Matara",2020-06-15,2020-06-16
,"Deniyaya, Matara",2020-06-16,2020-06-17
,"Deniyaya, Matara",2020-06-17,2020-06-18
0.0001552861313468,"Deniyaya, Matara",2020-06-18,2020-06-19
-2.214336831122813e-05,"Deniyaya, Matara",2020-06-19,2020-06-20
0.0001352933324333,"Deniyaya, Matara",2020-06-20,2020-06-21
,"Deniyaya, Matara",2020-06-21,2020-06-22
4.162291499108151e-05,"Deniyaya, Matara",2020-06-22,2020-06-23
0.0002094515544984,"Deniyaya, Matara",2020-06-23,2020-06-24
5.990897422030939e-05,"Deniyaya, Matara",2020-06-24,2020-06-25
,"Deniyaya, Matara",2020-06-25,2020-06-26
0.0002051720192701,"Deniyaya, Matara",2020-06-26,2020-06-27
0.0001124744363319,"Deniyaya, Matara",2020-06-27,2020-06-28
,"Deniyaya, Matara",2020-06-28,2020-06-29
5.667417479348952e-05,"Deniyaya, Matara",2020-06-29,2020-06-30
,"Deniyaya, Matara",2020-06-30,2020-07-01
4.5889721509336015e-05,"Deniyaya, Matara",2020-07-01,2020-07-02
8.012221601086614e-05,"Deniyaya, Matara",2020-07-02,2020-07-03
,"Deniyaya, Matara",2020-07-03,2020-07-04
8.639349798422517e-05,"Deniyaya, Matara",2020-07-04,2020-07-05
0.0001225770297818,"Deniyaya, Matara",2020-07-05,2020-07-06
,"Deniyaya, Matara",2020-07-06,2020-07-07
7.719590280196281e-05,"Deniyaya, Matara",2020-07-07,2020-07-08
,"Deniyaya, Matara",2020-07-08,2020-07-09
-4.600551980790239e-05,"Deniyaya, Matara",2020-07-09,2020-07-10
0.0001133111030949,"Deniyaya, Matara",2020-07-10,2020-07-11
,"Deniyaya, Matara",2020-07-11,2020-07-12
4.19976992453612e-05,"Deniyaya, Matara",2020-07-12,2020-07-13
0.0001579608688965,"Deniyaya, Matara",2020-07-13,2020-07-14
0.0001246352851251,"Deniyaya, Matara",2020-07-14,2020-07-15
0.000163621393785,"Deniyaya, Matara",2020-07-15,2020-07-16
,"Deniyaya, Matara",2020-07-16,2020-07-17
,"Deniyaya, Matara",2020-07-17,2020-07-18
,"Deniyaya, Matara",2020-07-18,2020-07-19
4.0699195288202375e-05,"Deniyaya, Matara",2020-07-19,2020-07-20
,"Deniyaya, Matara",2020-07-20,2020-07-21
0.0004568881923139,"Deniyaya, Matara",2020-07-21,2020-07-22
,"Deniyaya, Matara",2020-07-22,2020-07-23
,"Deniyaya, Matara",2020-07-23,2020-07-24
0.0001364200889515,"Deniyaya, Matara",2020-07-24,2020-07-25
,"Deniyaya, Matara",2020-07-25,2020-07-26
,"Deniyaya, Matara",2020-07-26,2020-07-27
,"Deniyaya, Matara",2020-07-27,2020-07-28
,"Deniyaya, Matara",2020-07-28,2020-07-29
2.1475540234825472e-05,"Deniyaya, Matara",2020-07-29,2020-07-30
5.10486359096364e-05,"Deniyaya, Matara",2020-07-30,2020-07-31
,"Deniyaya, Matara",2020-07-31,2020-08-01
,"Deniyaya, Matara",2020-08-01,2020-08-02
,"Deniyaya, Matara",2020-08-02,2020-08-03
,"Deniyaya, Matara",2020-08-03,2020-08-04
,"Deniyaya, Matara",2020-08-04,2020-08-05
,"Deniyaya, Matara",2020-08-05,2020-08-06
,"Deniyaya, Matara",2020-08-06,2020-08-07
-5.112344316348733e-05,"Deniyaya, Matara",2020-08-07,2020-08-08
2.924437244494896e-05,"Deniyaya, Matara",2020-08-08,2020-08-09
,"Deniyaya, Matara",2020-08-09,2020-08-10
,"Deniyaya, Matara",2020-08-10,2020-08-11
,"Deniyaya, Matara",2020-08-11,2020-08-12
4.1295637467464296e-05,"Deniyaya, Matara",2020-08-12,2020-08-13
3.090356865327022e-05,"Deniyaya, Matara",2020-08-13,2020-08-14
3.336985659278598e-05,"Deniyaya, Matara",2020-08-14,2020-08-15
2.0616734382838223e-05,"Deniyaya, Matara",2020-08-15,2020-08-16
2.794780563557463e-05,"Deniyaya, Matara",2020-08-16,2020-08-17
6.377265381584466e-05,"Deniyaya, Matara",2020-08-17,2020-08-18
9.864819027521158e-05,"Deniyaya, Matara",2020-08-18,2020-08-19
4.9262040098221225e-06,"Deniyaya, Matara",2020-08-19,2020-08-20
2.8190357682196595e-05,"Deniyaya, Matara",2020-08-20,2020-08-21
0.0001861171290337,"Deniyaya, Matara",2020-08-21,2020-08-22
7.621310608758228e-05,"Deniyaya, Matara",2020-08-22,2020-08-23
6.437629697331358e-05,"Deniyaya, Matara",2020-08-23,2020-08-24
1.811283344713564e-05,"Deniyaya, Matara",2020-08-24,2020-08-25
0.0001197921551961,"Deniyaya, Matara",2020-08-25,2020-08-26
0.00010436146086,"Deniyaya, Matara",2020-08-26,2020-08-27
0.0001438969521762,"Deniyaya, Matara",2020-08-27,2020-08-28
-1.0076650261309432e-05,"Deniyaya, Matara",2020-08-28,2020-08-29
9.722794985268776e-06,"Deniyaya, Matara",2020-08-29,2020-08-30
6.355691278891022e-05,"Deniyaya, Matara",2020-08-30,2020-08-31
8.661133966412367e-05,"Deniyaya, Matara",2020-08-31,2020-09-01
,"Deniyaya, Matara",2020-09-01,2020-09-02
,"Deniyaya, Matara",2020-09-02,2020-09-03
,"Deniyaya, Matara",2020-09-03,2020-09-04
7.4993453434322835e-06,"Deniyaya, Matara",2020-09-04,2020-09-05
,"Deniyaya, Matara",2020-09-05,2020-09-06
,"Deniyaya, Matara",2020-09-06,2020-09-07
,"Deniyaya, Matara",2020-09-07,2020-09-08
2.6322920997321783e-05,"Deniyaya, Matara",2020-09-08,2020-09-09
,"Deniyaya, Matara",2020-09-09,2020-09-10
,"Deniyaya, Matara",2020-09-10,2020-09-11
,"Deniyaya, Matara",2020-09-11,2020-09-12
,"Deniyaya, Matara",2020-09-12,2020-09-13
,"Deniyaya, Matara",2020-09-13,2020-09-14
,"Deniyaya, Matara",2020-09-14,2020-09-15
,"Deniyaya, Matara",2020-09-15,2020-09-16
,"Deniyaya, Matara",2020-09-16,2020-09-17
0.0002224830849442,"Deniyaya, Matara",2020-09-17,2020-09-18
,"Deniyaya, Matara",2020-09-18,2020-09-19
,"Deniyaya, Matara",2020-09-19,2020-09-20
,"Deniyaya, Matara",2020-09-20,2020-09-21
,"Deniyaya, Matara",2020-09-21,2020-09-22
,"Deniyaya, Matara",2020-09-22,2020-09-23
4.583581010911004e-05,"Deniyaya, Matara",2020-09-23,2020-09-24
,"Deniyaya, Matara",2020-09-24,2020-09-25
,"Deniyaya, Matara",2020-09-25,2020-09-26
7.91982205255503e-05,"Deniyaya, Matara",2020-09-26,2020-09-27
0.0001730573872732,"Deniyaya, Matara",2020-09-27,2020-09-28
0.0002153846821328,"Deniyaya, Matara",2020-09-28,2020-09-29
,"Deniyaya, Matara",2020-09-29,2020-09-30
,"Deniyaya, Matara",2020-09-30,2020-10-01
7.805495156078104e-05,"Deniyaya, Matara",2020-10-01,2020-10-02
5.11396381577283e-05,"Deniyaya, Matara",2020-10-02,2020-10-03
0.0001470353174131,"Deniyaya, Matara",2020-10-03,2020-10-04
,"Deniyaya, Matara",2020-10-04,2020-10-05
-3.243603900121837e-05,"Deniyaya, Matara",2020-10-05,2020-10-06
7.427887270270059e-05,"Deniyaya, Matara",2020-10-06,2020-10-07
8.672872804832765e-05,"Deniyaya, Matara",2020-10-07,2020-10-08
0.0001776092143231,"Deniyaya, Matara",2020-10-08,2020-10-09
,"Deniyaya, Matara",2020-10-09,2020-10-10
-8.375765006525143e-05,"Deniyaya, Matara",2020-10-10,2020-10-11
,"Deniyaya, Matara",2020-10-11,2020-10-12
,"Deniyaya, Matara",2020-10-12,2020-10-13
2.006258289078075e-05,"Deniyaya, Matara",2020-10-13,2020-10-14
,"Deniyaya, Matara",2020-10-14,2020-10-15
,"Deniyaya, Matara",2020-10-15,2020-10-16
6.743872324542771e-05,"Deniyaya, Matara",2020-10-16,2020-10-17
,"Deniyaya, Matara",2020-10-17,2020-10-18
7.88039692583951e-05,"Deniyaya, Matara",2020-10-18,2020-10-19
8.14640135703686e-05,"Deniyaya, Matara",2020-10-19,2020-10-20
4.375215796516543e-05,"Deniyaya, Matara",2020-10-20,2020-10-21
,"Deniyaya, Matara",2020-10-21,2020-10-22
-5.304393732281136e-05,"Deniyaya, Matara",2020-10-22,2020-10-23
2.8664431224434865e-05,"Deniyaya, Matara",2020-10-23,2020-10-24
,"Deniyaya, Matara",2020-10-24,2020-10-25
1.5337545245524416e-05,"Deniyaya, Matara",2020-10-25,2020-10-26
9.325465439721767e-05,"Deniyaya, Matara",2020-10-26,2020-10-27
,"Deniyaya, Matara",2020-10-27,2020-10-28
0.0001089228643199,"Deniyaya, Matara",2020-10-28,2020-10-29
0.0004238751661527,"Deniyaya, Matara",2020-10-29,2020-10-30
0.000172642832608,"Deniyaya, Matara",2020-10-30,2020-10-31
,"Deniyaya, Matara",2020-10-31,2020-11-01
5.735456422793126e-05,"Deniyaya, Matara",2020-11-01,2020-11-02
0.0001501435976033,"Deniyaya, Matara",2020-11-02,2020-11-03
,"Deniyaya, Matara",2020-11-03,2020-11-04
0.0003044006539601,"Deniyaya, Matara",2020-11-04,2020-11-05
,"Deniyaya, Matara",2020-11-05,2020-11-06
,"Deniyaya, Matara",2020-11-06,2020-11-07
,"Deniyaya, Matara",2020-11-07,2020-11-08
,"Deniyaya, Matara",2020-11-08,2020-11-09
0.0002808075766313,"Deniyaya, Matara",2020-11-09,2020-11-10
,"Deniyaya, Matara",2020-11-10,2020-11-11
,"Deniyaya, Matara",2020-11-11,2020-11-12
0.0001263750317383,"Deniyaya, Matara",2020-11-12,2020-11-13
,"Deniyaya, Matara",2020-11-13,2020-11-14
,"Deniyaya, Matara",2020-11-14,2020-11-15
-2.438379987250935e-07,"Deniyaya, Matara",2020-11-15,2020-11-16
,"Deniyaya, Matara",2020-11-16,2020-11-17
4.60426935170965e-05,"Deniyaya, Matara",2020-11-17,2020-11-18
,"Deniyaya, Matara",2020-11-18,2020-11-19
,"Deniyaya, Matara",2020-11-19,2020-11-20
0.0001647422607652,"Deniyaya, Matara",2020-11-20,2020-11-21
,"Deniyaya, Matara",2020-11-21,2020-11-22
,"Deniyaya, Matara",2020-11-22,2020-11-23
,"Deniyaya, Matara",2020-11-23,2020-11-24
-6.974433940553965e-06,"Deniyaya, Matara",2020-11-24,2020-11-25
,"Deniyaya, Matara",2020-11-25,2020-11-26
4.312117315657817e-05,"Deniyaya, Matara",2020-11-26,2020-11-27
0.0001040317384849,"Deniyaya, Matara",2020-11-27,2020-11-28
,"Deniyaya, Matara",2020-11-28,2020-11-29
0.0002328566561061,"Deniyaya, Matara",2020-11-29,2020-11-30
,"Deniyaya, Matara",2020-11-30,2020-12-01
,"Deniyaya, Matara",2020-12-01,2020-12-02
,"Deniyaya, Matara",2020-12-02,2020-12-03
2.86971475456782e-05,"Deniyaya, Matara",2020-12-03,2020-12-04
0.0001043584689961,"Deniyaya, Matara",2020-12-04,2020-12-05
6.682676556367445e-05,"Deniyaya, Matara",2020-12-05,2020-12-06
0.0001196708083678,"Deniyaya, Matara",2020-12-06,2020-12-07
7.595863888521366e-05,"Deniyaya, Matara",2020-12-07,2020-12-08
7.886755895828837e-06,"Deniyaya, Matara",2020-12-08,2020-12-09
8.53596431075125e-05,"Deniyaya, Matara",2020-12-09,2020-12-10
0.0001971155792713,"Deniyaya, Matara",2020-12-10,2020-12-11
,"Deniyaya, Matara",2020-12-11,2020-12-12
0.0001281830781171,"Deniyaya, Matara",2020-12-12,2020-12-13
,"Deniyaya, Matara",2020-12-13,2020-12-14
0.0003335391221134,"Deniyaya, Matara",2020-12-14,2020-12-15
5.124336258490429e-05,"Deniyaya, Matara",2020-12-15,2020-12-16
8.139267673429977e-05,"Deniyaya, Matara",2020-12-16,2020-12-17
0.0002554480665353,"Deniyaya, Matara",2020-12-17,2020-12-18
,"Deniyaya, Matara",2020-12-18,2020-12-19
,"Deniyaya, Matara",2020-12-19,2020-12-20
,"Deniyaya, Matara",2020-12-20,2020-12-21
,"Deniyaya, Matara",2020-12-21,2020-12-22
,"Deniyaya, Matara",2020-12-22,2020-12-23
,"Deniyaya, Matara",2020-12-23,2020-12-24
,"Deniyaya, Matara",2020-12-24,2020-12-25
,"Deniyaya, Matara",2020-12-25,2020-12-26
,"Deniyaya, Matara",2020-12-26,2020-12-27
5.870730820802086e-05,"Deniyaya, Matara",2020-12-27,2020-12-28
,"Deniyaya, Matara",2020-12-28,2020-12-29
-9.287236051311626e-06,"Deniyaya, Matara",2020-12-29,2020-12-30
0.000154408176711,"Deniyaya, Matara",2020-12-30,2020-12-31
,"Deniyaya, Matara",2020-12-31,2021-01-01
,"Deniyaya, Matara",2021-01-01,2021-01-02
0.0003106568161168,"Deniyaya, Matara",2021-01-02,2021-01-03
0.0001056232170524,"Deniyaya, Matara",2021-01-03,2021-01-04
7.407614588947896e-05,"Deniyaya, Matara",2021-01-04,2021-01-05
0.0002104229869099,"Deniyaya, Matara",2021-01-05,2021-01-06
,"Deniyaya, Matara",2021-01-06,2021-01-07
-9.530893663843814e-05,"Deniyaya, Matara",2021-01-07,2021-01-08
,"Deniyaya, Matara",2021-01-08,2021-01-09
,"Deniyaya, Matara",2021-01-09,2021-01-10
,"Deniyaya, Matara",2021-01-10,2021-01-11
,"Deniyaya, Matara",2021-01-11,2021-01-12
,"Deniyaya, Matara",2021-01-12,2021-01-13
,"Deniyaya, Matara",2021-01-13,2021-01-14
1.9768748819264147e-06,"Deniyaya, Matara",2021-01-14,2021-01-15
,"Deniyaya, Matara",2021-01-15,2021-01-16
,"Deniyaya, Matara",2021-01-16,2021-01-17
,"Deniyaya, Matara",2021-01-17,2021-01-18
-6.800550885402525e-05,"Deniyaya, Matara",2021-01-18,2021-01-19
,"Deniyaya, Matara",2021-01-19,2021-01-20
,"Deniyaya, Matara",2021-01-20,2021-01-21
9.540035421273538e-05,"Deniyaya, Matara",2021-01-21,2021-01-22
0.0002039016721164,"Deniyaya, Matara",2021-01-22,2021-01-23
,"Deniyaya, Matara",2021-01-23,2021-01-24
0.0001466468874955,"Deniyaya, Matara",2021-01-24,2021-01-25
0.0001164269934655,"Deniyaya, Matara",2021-01-25,2021-01-26
5.41443757134865e-05,"Deniyaya, Matara",2021-01-26,2021-01-27
,"Deniyaya, Matara",2021-01-27,2021-01-28
,"Deniyaya, Matara",2021-01-28,2021-01-29
,"Deniyaya, Matara",2021-01-29,2021-01-30
,"Deniyaya, Matara",2021-01-30,2021-01-31
,"Deniyaya, Matara",2021-01-31,2021-02-01
5.148009249658708e-05,"Deniyaya, Matara",2021-02-01,2021-02-02
5.336279870397221e-05,"Deniyaya, Matara",2021-02-02,2021-02-03
,"Deniyaya, Matara",2021-02-03,2021-02-04
,"Deniyaya, Matara",2021-02-04,2021-02-05
,"Deniyaya, Matara",2021-02-05,2021-02-06
,"Deniyaya, Matara",2021-02-06,2021-02-07
0.0001721241360215,"Deniyaya, Matara",2021-02-07,2021-02-08
1.1895181311354812e-05,"Deniyaya, Matara",2021-02-08,2021-02-09
,"Deniyaya, Matara",2021-02-09,2021-02-10
0.0001431082062276,"Deniyaya, Matara",2021-02-10,2021-02-11
7.302566478308894e-06,"Deniyaya, Matara",2021-02-11,2021-02-12
0.0001483110951191,"Deniyaya, Matara",2021-02-12,2021-02-13
0.0001147218565813,"Deniyaya, Matara",2021-02-13,2021-02-14
,"Deniyaya, Matara",2021-02-14,2021-02-15
6.964192417702933e-05,"Deniyaya, Matara",2021-02-15,2021-02-16
4.398186802109072e-05,"Deniyaya, Matara",2021-02-16,2021-02-17
,"Deniyaya, Matara",2021-02-17,2021-02-18
9.563513663517757e-05,"Deniyaya, Matara",2021-02-18,2021-02-19
,"Deniyaya, Matara",2021-02-19,2021-02-20
1.247983132140844e-05,"Deniyaya, Matara",2021-02-20,2021-02-21
4.6568994067224456e-05,"Deniyaya, Matara",2021-02-21,2021-02-22
,"Deniyaya, Matara",2021-02-22,2021-02-23
7.304033458998807e-05,"Deniyaya, Matara",2021-02-23,2021-02-24
7.1363318321443e-05,"Deniyaya, Matara",2021-02-24,2021-02-25
,"Deniyaya, Matara",2021-02-25,2021-02-26
-3.355304117191814e-05,"Deniyaya, Matara",2021-02-26,2021-02-27
0.0001455363526677,"Deniyaya, Matara",2021-02-27,2021-02-28
0.0001109472344213,"Deniyaya, Matara",2021-02-28,2021-03-01
7.777781987693509e-05,"Deniyaya, Matara",2021-03-01,2021-03-02
4.18243713644176e-05,"Deniyaya, Matara",2021-03-02,2021-03-03
8.892517616661547e-05,"Deniyaya, Matara",2021-03-03,2021-03-04
0.0001515146227367,"Deniyaya, Matara",2021-03-04,2021-03-05
,"Deniyaya, Matara",2021-03-05,2021-03-06
0.0002879833518879,"Deniyaya, Matara",2021-03-06,2021-03-07
-3.67114827172065e-05,"Deniyaya, Matara",2021-03-07,2021-03-08
,"Deniyaya, Matara",2021-03-08,2021-03-09
2.901746763974157e-05,"Deniyaya, Matara",2021-03-09,2021-03-10
,"Deniyaya, Matara",2021-03-10,2021-03-11
,"Deniyaya, Matara",2021-03-11,2021-03-12
0.0001092184819312,"Deniyaya, Matara",2021-03-12,2021-03-13
5.8405098090895934e-05,"Deniyaya, Matara",2021-03-13,2021-03-14
9.231414231883206e-05,"Deniyaya, Matara",2021-03-14,2021-03-15
0.0001203036848992,"Deniyaya, Matara",2021-03-15,2021-03-16
0.0001711905994045,"Deniyaya, Matara",2021-03-16,2021-03-17
0.0004255396022542,"Deniyaya, Matara",2021-03-17,2021-03-18
,"Deniyaya, Matara",2021-03-18,2021-03-19
,"Deniyaya, Matara",2021-03-19,2021-03-20
,"Deniyaya, Matara",2021-03-20,2021-03-21
0.0002522826750991,"Deniyaya, Matara",2021-03-21,2021-03-22
6.040138069995957e-05,"Deniyaya, Matara",2021-03-22,2021-03-23
0.000157566907336,"Deniyaya, Matara",2021-03-23,2021-03-24
,"Deniyaya, Matara",2021-03-24,2021-03-25
,"Deniyaya, Matara",2021-03-25,2021-03-26
,"Deniyaya, Matara",2021-03-26,2021-03-27
,"Deniyaya, Matara",2021-03-27,2021-03-28
0.0003344494332652,"Deniyaya, Matara",2021-03-28,2021-03-29
,"Deniyaya, Matara",2021-03-29,2021-03-30
9.512278511182222e-05,"Deniyaya, Matara",2021-03-30,2021-03-31
9.476370150685085e-05,"Deniyaya, Matara",2021-03-31,2021-04-01
8.535195523800697e-05,"Deniyaya, Matara",2021-04-01,2021-04-02
,"Deniyaya, Matara",2021-04-02,2021-04-03
7.715970199000654e-05,"Deniyaya, Matara",2021-04-03,2021-04-04
0.0001144381005177,"Deniyaya, Matara",2021-04-04,2021-04-05
0.0001470178284886,"Deniyaya, Matara",2021-04-05,2021-04-06
0.0002202351622677,"Deniyaya, Matara",2021-04-06,2021-04-07
8.991131510973491e-05,"Deniyaya, Matara",2021-04-07,2021-04-08
,"Deniyaya, Matara",2021-04-08,2021-04-09
,"Deniyaya, Matara",2021-04-09,2021-04-10
6.758892359135745e-05,"Deniyaya, Matara",2021-04-10,2021-04-11
,"Deniyaya, Matara",2021-04-11,2021-04-12
0.0001472687277945,"Deniyaya, Matara",2021-04-12,2021-04-13
,"Deniyaya, Matara",2021-04-13,2021-04-14
,"Deniyaya, Matara",2021-04-14,2021-04-15
,"Deniyaya, Matara",2021-04-15,2021-04-16
7.886095568910807e-05,"Deniyaya, Matara",2021-04-16,2021-04-17
-1.579830613998685e-05,"Deniyaya, Matara",2021-04-17,2021-04-18
,"Deniyaya, Matara",2021-04-18,2021-04-19
,"Deniyaya, Matara",2021-04-19,2021-04-20
,"Deniyaya, Matara",2021-04-20,2021-04-21
,"Deniyaya, Matara",2021-04-21,2021-04-22
,"Deniyaya, Matara",2021-04-22,2021-04-23
7.977429237507787e-05,"Deniyaya, Matara",2021-04-23,2021-04-24
4.26910503891764e-05,"Deniyaya, Matara",2021-04-24,2021-04-25
,"Deniyaya, Matara",2021-04-25,2021-04-26
,"Deniyaya, Matara",2021-04-26,2021-04-27
0.0001621152317577,"Deniyaya, Matara",2021-04-27,2021-04-28
8.536603600165372e-05,"Deniyaya, Matara",2021-04-28,2021-04-29
,"Deniyaya, Matara",2021-04-29,2021-04-30
,"Deniyaya, Matara",2021-04-30,2021-05-01
,"Deniyaya, Matara",2021-05-01,2021-05-02
,"Deniyaya, Matara",2021-05-02,2021-05-03
0.0001042326545431,"Deniyaya, Matara",2021-05-03,2021-05-04
0.0001141248173328,"Deniyaya, Matara",2021-05-04,2021-05-05
,"Deniyaya, Matara",2021-05-05,2021-05-06
0.0001213392556476,"Deniyaya, Matara",2021-05-06,2021-05-07
9.339912859190496e-05,"Deniyaya, Matara",2021-05-07,2021-05-08
,"Deniyaya, Matara",2021-05-08,2021-05-09
0.0001158354593824,"Deniyaya, Matara",2021-05-09,2021-05-10
,"Deniyaya, Matara",2021-05-10,2021-05-11
,"Deniyaya, Matara",2021-05-11,2021-05-12
,"Deniyaya, Matara",2021-05-12,2021-05-13
,"Deniyaya, Matara",2021-05-13,2021-05-14
8.774188287425133e-05,"Deniyaya, Matara",2021-05-14,2021-05-15
,"Deniyaya, Matara",2021-05-15,2021-05-16
7.980255032174745e-05,"Deniyaya, Matara",2021-05-16,2021-05-17
9.644255232280054e-05,"Deniyaya, Matara",2021-05-17,2021-05-18
0.0001015199071131,"Deniyaya, Matara",2021-05-18,2021-05-19
-3.3098859100830785e-05,"Deniyaya, Matara",2021-05-19,2021-05-20
,"Deniyaya, Matara",2021-05-20,2021-05-21
,"Deniyaya, Matara",2021-05-21,2021-05-22
-2.088173853520141e-05,"Deniyaya, Matara",2021-05-22,2021-05-23
,"Deniyaya, Matara",2021-05-23,2021-05-24
,"Deniyaya, Matara",2021-05-24,2021-05-25
,"Deniyaya, Matara",2021-05-25,2021-05-26
-3.205932819511284e-05,"Deniyaya, Matara",2021-05-26,2021-05-27
,"Deniyaya, Matara",2021-05-27,2021-05-28
4.995612057224007e-05,"Deniyaya, Matara",2021-05-28,2021-05-29
-2.46833238919395e-05,"Deniyaya, Matara",2021-05-29,2021-05-30
5.851434639869688e-05,"Deniyaya, Matara",2021-05-30,2021-05-31
0.0001787415522009,"Deniyaya, Matara",2021-05-31,2021-06-01
9.685550438995948e-05,"Deniyaya, Matara",2021-06-01,2021-06-02
,"Deniyaya, Matara",2021-06-02,2021-06-03
0.0001564237617247,"Deniyaya, Matara",2021-06-03,2021-06-04
,"Deniyaya, Matara",2021-06-04,2021-06-05
,"Deniyaya, Matara",2021-06-05,2021-06-06
0.000123704629187,"Deniyaya, Matara",2021-06-06,2021-06-07
,"Deniyaya, Matara",2021-06-07,2021-06-08
,"Deniyaya, Matara",2021-06-08,2021-06-09
,"Deniyaya, Matara",2021-06-09,2021-06-10
8.201089268656899e-05,"Deniyaya, Matara",2021-06-10,2021-06-11
6.654274998507318e-05,"Deniyaya, Matara",2021-06-11,2021-06-12
3.6721001497602704e-05,"Deniyaya, Matara",2021-06-12,2021-06-13
,"Deniyaya, Matara",2021-06-13,2021-06-14
9.069684822449844e-06,"Deniyaya, Matara",2021-06-14,2021-06-15
0.000105527040211,"Deniyaya, Matara",2021-06-15,2021-06-16
0.0001129013989837,"Deniyaya, Matara",2021-06-16,2021-06-17
-2.7075909325492435e-05,"Deniyaya, Matara",2021-06-17,2021-06-18
6.582826121555318e-05,"Deniyaya, Matara",2021-06-18,2021-06-19
8.047208057643684e-05,"Deniyaya, Matara",2021-06-19,2021-06-20
7.728745012599005e-05,"Deniyaya, Matara",2021-06-20,2021-06-21
0.0001139107368457,"Deniyaya, Matara",2021-06-21,2021-06-22
,"Deniyaya, Matara",2021-06-22,2021-06-23
,"Deniyaya, Matara",2021-06-23,2021-06-24
-8.456496779035764e-07,"Deniyaya, Matara",2021-06-24,2021-06-25
3.848707488527653e-05,"Deniyaya, Matara",2021-06-25,2021-06-26
,"Deniyaya, Matara",2021-06-26,2021-06-27
0.0003594298614444,"Deniyaya, Matara",2021-06-27,2021-06-28
-1.1399465453476348e-05,"Deniyaya, Matara",2021-06-28,2021-06-29
3.380619203257197e-06,"Deniyaya, Matara",2021-06-29,2021-06-30
4.7814302997090105e-05,"Deniyaya, Matara",2021-06-30,2021-07-01
,"Deniyaya, Matara",2021-07-01,2021-07-02
-1.9926186731069902e-05,"Deniyaya, Matara",2021-07-02,2021-07-03
0.0001609016363862,"Deniyaya, Matara",2021-07-03,2021-07-04
,"Deniyaya, Matara",2021-07-04,2021-07-05
-7.744679386709862e-05,"Deniyaya, Matara",2021-07-05,2021-07-06
-0.0002592961765526,"Deniyaya, Matara",2021-07-06,2021-07-07
-0.000207189247035,"Deniyaya, Matara",2021-07-07,2021-07-08
,"Deniyaya, Matara",2021-07-08,2021-07-09
,"Deniyaya, Matara",2021-07-09,2021-07-10
,"Deniyaya, Matara",2021-07-10,2021-07-11
,"Deniyaya, Matara",2021-07-11,2021-07-12
,"Deniyaya, Matara",2021-07-12,2021-07-13
0.0001128433957137,"Deniyaya, Matara",2021-07-13,2021-07-14
,"Deniyaya, Matara",2021-07-14,2021-07-15
,"Deniyaya, Matara",2021-07-15,2021-07-16
,"Deniyaya, Matara",2021-07-16,2021-07-17
,"Deniyaya, Matara",2021-07-17,2021-07-18
0.0001564170084476,"Deniyaya, Matara",2021-07-18,2021-07-19
,"Deniyaya, Matara",2021-07-19,2021-07-20
0.000158986544886,"Deniyaya, Matara",2021-07-20,2021-07-21
0.0002578159022059,"Deniyaya, Matara",2021-07-21,2021-07-22
8.302268741554805e-05,"Deniyaya, Matara",2021-07-22,2021-07-23
,"Deniyaya, Matara",2021-07-23,2021-07-24
,"Deniyaya, Matara",2021-07-24,2021-07-25
,"Deniyaya, Matara",2021-07-25,2021-07-26
,"Deniyaya, Matara",2021-07-26,2021-07-27
-5.36039207876988e-05,"Deniyaya, Matara",2021-07-27,2021-07-28
8.345072912304002e-05,"Deniyaya, Matara",2021-07-28,2021-07-29
0.0002034271332976,"Deniyaya, Matara",2021-07-29,2021-07-30
-1.5025216263912378e-05,"Deniyaya, Matara",2021-07-30,2021-07-31
-1.6984848532008114e-05,"Deniyaya, Matara",2021-07-31,2021-08-01
9.430450249771984e-05,"Deniyaya, Matara",2021-08-01,2021-08-02
,"Deniyaya, Matara",2021-08-02,2021-08-03
4.647383922777848e-05,"Deniyaya, Matara",2021-08-03,2021-08-04
,"Deniyaya, Matara",2021-08-04,2021-08-05
,"Deniyaya, Matara",2021-08-05,2021-08-06
,"Deniyaya, Matara",2021-08-06,2021-08-07
,"Deniyaya, Matara",2021-08-07,2021-08-08
,"Deniyaya, Matara",2021-08-08,2021-08-09
,"Deniyaya, Matara",2021-08-09,2021-08-10
,"Deniyaya, Matara",2021-08-10,2021-08-11
,"Deniyaya, Matara",2021-08-11,2021-08-12
,"Deniyaya, Matara",2021-08-12,2021-08-13
,"Deniyaya, Matara",2021-08-13,2021-08-14
-7.127528630831339e-05,"Deniyaya, Matara",2021-08-14,2021-08-15
,"Deniyaya, Matara",2021-08-15,2021-08-16
,"Deniyaya, Matara",2021-08-16,2021-08-17
,"Deniyaya, Matara",2021-08-17,2021-08-18
-2.652712115106085e-05,"Deniyaya, Matara",2021-08-18,2021-08-19
9.913791600604868e-05,"Deniyaya, Matara",2021-08-19,2021-08-20
2.476100918879441e-05,"Deniyaya, Matara",2021-08-20,2021-08-21
2.627878078705039e-06,"Deniyaya, Matara",2021-08-21,2021-08-22
,"Deniyaya, Matara",2021-08-22,2021-08-23
-7.076495342717847e-06,"Deniyaya, Matara",2021-08-23,2021-08-24
1.5171761178173976e-05,"Deniyaya, Matara",2021-08-24,2021-08-25
,"Deniyaya, Matara",2021-08-25,2021-08-26
1.536567329322569e-05,"Deniyaya, Matara",2021-08-26,2021-08-27
,"Deniyaya, Matara",2021-08-27,2021-08-28
,"Deniyaya, Matara",2021-08-28,2021-08-29
,"Deniyaya, Matara",2021-08-29,2021-08-30
,"Deniyaya, Matara",2021-08-30,2021-08-31
,"Deniyaya, Matara",2021-08-31,2021-09-01
,"Deniyaya, Matara",2021-09-01,2021-09-02
,"Deniyaya, Matara",2021-09-02,2021-09-03
,"Deniyaya, Matara",2021-09-03,2021-09-04
0.0001573414590655,"Deniyaya, Matara",2021-09-04,2021-09-05
,"Deniyaya, Matara",2021-09-05,2021-09-06
8.092664215041599e-05,"Deniyaya, Matara",2021-09-06,2021-09-07
4.3363780388583146e-05,"Deniyaya, Matara",2021-09-07,2021-09-08
1.5260417308962623e-05,"Deniyaya, Matara",2021-09-08,2021-09-09
8.048215618174116e-06,"Deniyaya, Matara",2021-09-09,2021-09-10
,"Deniyaya, Matara",2021-09-10,2021-09-11
,"Deniyaya, Matara",2021-09-11,2021-09-12
5.537832237531791e-05,"Deniyaya, Matara",2021-09-12,2021-09-13
,"Deniyaya, Matara",2021-09-13,2021-09-14
6.965765381084673e-05,"Deniyaya, Matara",2021-09-14,2021-09-15
-1.1263702040851789e-07,"Deniyaya, Matara",2021-09-15,2021-09-16
,"Deniyaya, Matara",2021-09-16,2021-09-17
,"Deniyaya, Matara",2021-09-17,2021-09-18
4.9402793559452415e-05,"Deniyaya, Matara",2021-09-18,2021-09-19
0.0001334556559541,"Deniyaya, Matara",2021-09-19,2021-09-20
0.0003622361539697,"Deniyaya, Matara",2021-09-20,2021-09-21
,"Deniyaya, Matara",2021-09-21,2021-09-22
-2.642892452060691e-06,"Deniyaya, Matara",2021-09-22,2021-09-23
0.0001603220398462,"Deniyaya, Matara",2021-09-23,2021-09-24
,"Deniyaya, Matara",2021-09-24,2021-09-25
7.192952235135094e-05,"Deniyaya, Matara",2021-09-25,2021-09-26
,"Deniyaya, Matara",2021-09-26,2021-09-27
0.0001014033731673,"Deniyaya, Matara",2021-09-27,2021-09-28
,"Deniyaya, Matara",2021-09-28,2021-09-29
4.531076947598853e-05,"Deniyaya, Matara",2021-09-29,2021-09-30
,"Deniyaya, Matara",2021-09-30,2021-10-01
,"Deniyaya, Matara",2021-10-01,2021-10-02
,"Deniyaya, Matara",2021-10-02,2021-10-03
,"Deniyaya, Matara",2021-10-03,2021-10-04
,"Deniyaya, Matara",2021-10-04,2021-10-05
,"Deniyaya, Matara",2021-10-05,2021-10-06
8.323213525538964e-05,"Deniyaya, Matara",2021-10-06,2021-10-07
,"Deniyaya, Matara",2021-10-07,2021-10-08
,"Deniyaya, Matara",2021-10-08,2021-10-09
7.480423587931594e-05,"Deniyaya, Matara",2021-10-09,2021-10-10
3.759869158207239e-05,"Deniyaya, Matara",2021-10-10,2021-10-11
0.0002904930417395,"Deniyaya, Matara",2021-10-11,2021-10-12
,"Deniyaya, Matara",2021-10-12,2021-10-13
4.669760119465528e-05,"Deniyaya, Matara",2021-10-13,2021-10-14
,"Deniyaya, Matara",2021-10-14,2021-10-15
0.0001102070148058,"Deniyaya, Matara",2021-10-15,2021-10-16
9.82065782579854e-06,"Deniyaya, Matara",2021-10-16,2021-10-17
,"Deniyaya, Matara",2021-10-17,2021-10-18
1.1802676469897535e-05,"Deniyaya, Matara",2021-10-18,2021-10-19
3.187880708985268e-05,"Deniyaya, Matara",2021-10-19,2021-10-20
-8.416679327042497e-05,"Deniyaya, Matara",2021-10-20,2021-10-21
-3.73704091296612e-05,"Deniyaya, Matara",2021-10-21,2021-10-22
0.0002415061615731,"Deniyaya, Matara",2021-10-22,2021-10-23
8.61594237618718e-05,"Deniyaya, Matara",2021-10-23,2021-10-24
1.963617268921559e-05,"Deniyaya, Matara",2021-10-24,2021-10-25
0.0001740204322283,"Deniyaya, Matara",2021-10-25,2021-10-26
,"Deniyaya, Matara",2021-10-26,2021-10-27
,"Deniyaya, Matara",2021-10-27,2021-10-28
,"Deniyaya, Matara",2021-10-28,2021-10-29
,"Deniyaya, Matara",2021-10-29,2021-10-30
,"Deniyaya, Matara",2021-10-30,2021-10-31
-2.281988728321003e-05,"Deniyaya, Matara",2021-10-31,2021-11-01
,"Deniyaya, Matara",2021-11-01,2021-11-02
0.0001415070817128,"Deniyaya, Matara",2021-11-02,2021-11-03
,"Deniyaya, Matara",2021-11-03,2021-11-04
,"Deniyaya, Matara",2021-11-04,2021-11-05
,"Deniyaya, Matara",2021-11-05,2021-11-06
0.0001740413022649,"Deniyaya, Matara",2021-11-06,2021-11-07
,"Deniyaya, Matara",2021-11-07,2021-11-08
,"Deniyaya, Matara",2021-11-08,2021-11-09
5.85595331627883e-05,"Deniyaya, Matara",2021-11-09,2021-11-10
,"Deniyaya, Matara",2021-11-10,2021-11-11
5.952602120750927e-05,"Deniyaya, Matara",2021-11-11,2021-11-12
,"Deniyaya, Matara",2021-11-12,2021-11-13
-4.0893907573713946e-05,"Deniyaya, Matara",2021-11-13,2021-11-14
,"Deniyaya, Matara",2021-11-14,2021-11-15
,"Deniyaya, Matara",2021-11-15,2021-11-16
9.688131562383517e-06,"Deniyaya, Matara",2021-11-16,2021-11-17
,"Deniyaya, Matara",2021-11-17,2021-11-18
8.308046554451422e-05,"Deniyaya, Matara",2021-11-18,2021-11-19
,"Deniyaya, Matara",2021-11-19,2021-11-20
1.871255270415171e-05,"Deniyaya, Matara",2021-11-20,2021-11-21
8.876347399677087e-05,"Deniyaya, Matara",2021-11-21,2021-11-22
7.064022029987355e-05,"Deniyaya, Matara",2021-11-22,2021-11-23
,"Deniyaya, Matara",2021-11-23,2021-11-24
,"Deniyaya, Matara",2021-11-24,2021-11-25
,"Deniyaya, Matara",2021-11-25,2021-11-26
,"Deniyaya, Matara",2021-11-26,2021-11-27
,"Deniyaya, Matara",2021-11-27,2021-11-28
1.3165239029513236e-05,"Deniyaya, Matara",2021-11-28,2021-11-29
,"Deniyaya, Matara",2021-11-29,2021-11-30
,"Deniyaya, Matara",2021-11-30,2021-12-01
,"Deniyaya, Matara",2021-12-01,2021-12-02
3.774400317311452e-05,"Deniyaya, Matara",2021-12-02,2021-12-03
,"Deniyaya, Matara",2021-12-03,2021-12-04
,"Deniyaya, Matara",2021-12-04,2021-12-05
,"Deniyaya, Matara",2021-12-05,2021-12-06
,"Deniyaya, Matara",2021-12-06,2021-12-07
,"Deniyaya, Matara",2021-12-07,2021-12-08
2.5122583003680896e-05,"Deniyaya, Matara",2021-12-08,2021-12-09
0.000190726823876,"Deniyaya, Matara",2021-12-09,2021-12-10
,"Deniyaya, Matara",2021-12-10,2021-12-11
1.954872119656696e-05,"Deniyaya, Matara",2021-12-11,2021-12-12
,"Deniyaya, Matara",2021-12-12,2021-12-13
,"Deniyaya, Matara",2021-12-13,2021-12-14
0.0001465155258749,"Deniyaya, Matara",2021-12-14,2021-12-15
,"Deniyaya, Matara",2021-12-15,2021-12-16
,"Deniyaya, Matara",2021-12-16,2021-12-17
0.0003812817687999,"Deniyaya, Matara",2021-12-17,2021-12-18
,"Deniyaya, Matara",2021-12-18,2021-12-19
,"Deniyaya, Matara",2021-12-19,2021-12-20
1.6750675888485124e-05,"Deniyaya, Matara",2021-12-20,2021-12-21
,"Deniyaya, Matara",2021-12-21,2021-12-22
,"Deniyaya, Matara",2021-12-22,2021-12-23
0.0001807723536562,"Deniyaya, Matara",2021-12-23,2021-12-24
0.0001766339145524,"Deniyaya, Matara",2021-12-24,2021-12-25
0.000231613737055,"Deniyaya, Matara",2021-12-25,2021-12-26
9.942199430847748e-05,"Deniyaya, Matara",2021-12-26,2021-12-27
0.0001426657824011,"Deniyaya, Matara",2021-12-27,2021-12-28
-1.880696551306705e-05,"Deniyaya, Matara",2021-12-28,2021-12-29
0.0001511794631573,"Deniyaya, Matara",2021-12-29,2021-12-30
0.0001395050570643,"Deniyaya, Matara",2021-12-30,2021-12-31
,"Deniyaya, Matara",2021-12-31,2022-01-01
7.740038330940539e-06,"Deniyaya, Matara",2022-01-01,2022-01-02
8.811097408314434e-05,"Deniyaya, Matara",2022-01-02,2022-01-03
8.311941406538581e-05,"Deniyaya, Matara",2022-01-03,2022-01-04
,"Deniyaya, Matara",2022-01-04,2022-01-05
,"Deniyaya, Matara",2022-01-05,2022-01-06
,"Deniyaya, Matara",2022-01-06,2022-01-07
2.790073557066796e-07,"Deniyaya, Matara",2022-01-07,2022-01-08
6.333697018267769e-05,"Deniyaya, Matara",2022-01-08,2022-01-09
,"Deniyaya, Matara",2022-01-09,2022-01-10
,"Deniyaya, Matara",2022-01-10,2022-01-11
,"Deniyaya, Matara",2022-01-11,2022-01-12
,"Deniyaya, Matara",2022-01-12,2022-01-13
,"Deniyaya, Matara",2022-01-13,2022-01-14
,"Deniyaya, Matara",2022-01-14,2022-01-15
0.0002306828193908,"Deniyaya, Matara",2022-01-15,2022-01-16
,"Deniyaya, Matara",2022-01-16,2022-01-17
-0.0001637427904924,"Deniyaya, Matara",2022-01-17,2022-01-18
0.0001022654549618,"Deniyaya, Matara",2022-01-18,2022-01-19
,"Deniyaya, Matara",2022-01-19,2022-01-20
0.000103025686975,"Deniyaya, Matara",2022-01-20,2022-01-21
0.0001378500427185,"Deniyaya, Matara",2022-01-21,2022-01-22
0.000212591230603,"Deniyaya, Matara",2022-01-22,2022-01-23
0.0001625500736445,"Deniyaya, Matara",2022-01-23,2022-01-24
,"Deniyaya, Matara",2022-01-24,2022-01-25
5.19385684605795e-05,"Deniyaya, Matara",2022-01-25,2022-01-26
5.829365579638542e-05,"Deniyaya, Matara",2022-01-26,2022-01-27
,"Deniyaya, Matara",2022-01-27,2022-01-28
-6.255603228577604e-06,"Deniyaya, Matara",2022-01-28,2022-01-29
0.0001456813643826,"Deniyaya, Matara",2022-01-29,2022-01-30
4.557810399882608e-05,"Deniyaya, Matara",2022-01-30,2022-01-31
,"Deniyaya, Matara",2022-01-31,2022-02-01
0.0002100428748608,"Deniyaya, Matara",2022-02-01,2022-02-02
8.535663046846281e-05,"Deniyaya, Matara",2022-02-02,2022-02-03
7.504399569051451e-05,"Deniyaya, Matara",2022-02-03,2022-02-04
0.0001243156057112,"Deniyaya, Matara",2022-02-04,2022-02-05
0.0001409045637134,"Deniyaya, Matara",2022-02-05,2022-02-06
0.000816785099759,"Deniyaya, Matara",2022-02-06,2022-02-07
,"Deniyaya, Matara",2022-02-07,2022-02-08
,"Deniyaya, Matara",2022-02-08,2022-02-09
0.0001739850720532,"Deniyaya, Matara",2022-02-09,2022-02-10
,"Deniyaya, Matara",2022-02-10,2022-02-11
,"Deniyaya, Matara",2022-02-11,2022-02-12
,"Deniyaya, Matara",2022-02-12,2022-02-13
,"Deniyaya, Matara",2022-02-13,2022-02-14
,"Deniyaya, Matara",2022-02-14,2022-02-15
,"Deniyaya, Matara",2022-02-15,2022-02-16
0.0006837299488951,"Deniyaya, Matara",2022-02-16,2022-02-17
8.429738958059463e-05,"Deniyaya, Matara",2022-02-17,2022-02-18
,"Deniyaya, Matara",2022-02-18,2022-02-19
,"Deniyaya, Matara",2022-02-19,2022-02-20
9.995633810949394e-05,"Deniyaya, Matara",2022-02-20,2022-02-21
0.0001446917570845,"Deniyaya, Matara",2022-02-21,2022-02-22
,"Deniyaya, Matara",2022-02-22,2022-02-23
7.502566763197762e-05,"Deniyaya, Matara",2022-02-23,2022-02-24
4.121762150430474e-05,"Deniyaya, Matara",2022-02-24,2022-02-25
-4.061309683184984e-05,"Deniyaya, Matara",2022-02-25,2022-02-26
0.0001465728090484,"Deniyaya, Matara",2022-02-26,2022-02-27
0.0001690167775012,"Deniyaya, Matara",2022-02-27,2022-02-28
,"Deniyaya, Matara",2022-02-28,2022-03-01
,"Deniyaya, Matara",2022-03-01,2022-03-02
,"Deniyaya, Matara",2022-03-02,2022-03-03
,"Deniyaya, Matara",2022-03-03,2022-03-04
,"Deniyaya, Matara",2022-03-04,2022-03-05
0.0001550235877502,"Deniyaya, Matara",2022-03-05,2022-03-06
7.939725969777095e-05,"Deniyaya, Matara",2022-03-06,2022-03-07
4.484367723489845e-05,"Deniyaya, Matara",2022-03-07,2022-03-08
,"Deniyaya, Matara",2022-03-08,2022-03-09
0.0002425035870062,"Deniyaya, Matara",2022-03-09,2022-03-10
7.82852669275768e-05,"Deniyaya, Matara",2022-03-10,2022-03-11
,"Deniyaya, Matara",2022-03-11,2022-03-12
,"Deniyaya, Matara",2022-03-12,2022-03-13
,"Deniyaya, Matara",2022-03-13,2022-03-14
0.0002195918072273,"Deniyaya, Matara",2022-03-14,2022-03-15
,"Deniyaya, Matara",2022-03-15,2022-03-16
,"Deniyaya, Matara",2022-03-16,2022-03-17
,"Deniyaya, Matara",2022-03-17,2022-03-18
5.612896584387904e-05,"Deniyaya, Matara",2022-03-18,2022-03-19
1.5655712036429945e-05,"Deniyaya, Matara",2022-03-19,2022-03-20
6.400122580082124e-05,"Deniyaya, Matara",2022-03-20,2022-03-21
9.910284292589868e-05,"Deniyaya, Matara",2022-03-21,2022-03-22
7.884883331084272e-05,"Deniyaya, Matara",2022-03-22,2022-03-23
,"Deniyaya, Matara",2022-03-23,2022-03-24
3.95511642786841e-05,"Deniyaya, Matara",2022-03-24,2022-03-25
,"Deniyaya, Matara",2022-03-25,2022-03-26
,"Deniyaya, Matara",2022-03-26,2022-03-27
8.773774640937154e-05,"Deniyaya, Matara",2022-03-27,2022-03-28
8.462912963476917e-05,"Deniyaya, Matara",2022-03-28,2022-03-29
-7.171403386199247e-05,"Deniyaya, Matara",2022-03-29,2022-03-30
,"Deniyaya, Matara",2022-03-30,2022-03-31
0.00017264451877,"Deniyaya, Matara",2022-03-31,2022-04-01
,"Deniyaya, Matara",2022-04-01,2022-04-02
,"Deniyaya, Matara",2022-04-02,2022-04-03
5.7599076868455925e-05,"Deniyaya, Matara",2022-04-03,2022-04-04
0.0001606878004399,"Deniyaya, Matara",2022-04-04,2022-04-05
3.3781982985327204e-05,"Deniyaya, Matara",2022-04-05,2022-04-06
,"Deniyaya, Matara",2022-04-06,2022-04-07
,"Deniyaya, Matara",2022-04-07,2022-04-08
,"Deniyaya, Matara",2022-04-08,2022-04-09
,"Deniyaya, Matara",2022-04-09,2022-04-10
,"Deniyaya, Matara",2022-04-10,2022-04-11
0.0001070883098265,"Deniyaya, Matara",2022-04-11,2022-04-12
,"Deniyaya, Matara",2022-04-12,2022-04-13
,"Deniyaya, Matara",2022-04-13,2022-04-14
2.0413560925639723e-05,"Deniyaya, Matara",2022-04-14,2022-04-15
8.630860739140177e-05,"Deniyaya, Matara",2022-04-15,2022-04-16
-2.230671451419638e-05,"Deniyaya, Matara",2022-04-16,2022-04-17
,"Deniyaya, Matara",2022-04-17,2022-04-18
,"Deniyaya, Matara",2022-04-18,2022-04-19
4.074896055243247e-05,"Deniyaya, Matara",2022-04-19,2022-04-20
,"Deniyaya, Matara",2022-04-20,2022-04-21
,"Deniyaya, Matara",2022-04-21,2022-04-22
,"Deniyaya, Matara",2022-04-22,2022-04-23
-1.3009315422438582e-05,"Deniyaya, Matara",2022-04-23,2022-04-24
,"Deniyaya, Matara",2022-04-24,2022-04-25
,"Deniyaya, Matara",2022-04-25,2022-04-26
,"Deniyaya, Matara",2022-04-26,2022-04-27
9.68696398696124e-05,"Deniyaya, Matara",2022-04-27,2022-04-28
,"Deniyaya, Matara",2022-04-28,2022-04-29
0.000228682853507,"Deniyaya, Matara",2022-04-29,2022-04-30
0.0001083050453417,"Deniyaya, Matara",2022-04-30,2022-05-01
,"Deniyaya, Matara",2022-05-01,2022-05-02
0.0001902764028714,"Deniyaya, Matara",2022-05-02,2022-05-03
,"Deniyaya, Matara",2022-05-03,2022-05-04
,"Deniyaya, Matara",2022-05-04,2022-05-05
0.000115566864403,"Deniyaya, Matara",2022-05-05,2022-05-06
0.0001837968925625,"Deniyaya, Matara",2022-05-06,2022-05-07
0.0001131050768138,"Deniyaya, Matara",2022-05-07,2022-05-08
,"Deniyaya, Matara",2022-05-08,2022-05-09
0.0001376116840451,"Deniyaya, Matara",2022-05-09,2022-05-10
,"Deniyaya, Matara",2022-05-10,2022-05-11
0.0002068569193795,"Deniyaya, Matara",2022-05-11,2022-05-12
,"Deniyaya, Matara",2022-05-12,2022-05-13
,"Deniyaya, Matara",2022-05-13,2022-05-14
,"Deniyaya, Matara",2022-05-14,2022-05-15
1.950230047781513e-05,"Deniyaya, Matara",2022-05-15,2022-05-16
,"Deniyaya, Matara",2022-05-16,2022-05-17
,"Deniyaya, Matara",2022-05-17,2022-05-18
,"Deniyaya, Matara",2022-05-18,2022-05-19
,"Deniyaya, Matara",2022-05-19,2022-05-20
-3.335551718016387e-05,"Deniyaya, Matara",2022-05-20,2022-05-21
-7.020741959235938e-05,"Deniyaya, Matara",2022-05-21,2022-05-22
5.1411143970532645e-05,"Deniyaya, Matara",2022-05-22,2022-05-23
-0.0001505734792821,"Deniyaya, Matara",2022-05-23,2022-05-24
,"Deniyaya, Matara",2022-05-24,2022-05-25
4.91434836189306e-05,"Deniyaya, Matara",2022-05-25,2022-05-26
,"Deniyaya, Matara",2022-05-26,2022-05-27
-8.4192331214536e-05,"Deniyaya, Matara",2022-05-27,2022-05-28
0.0001686171751569,"Deniyaya, Matara",2022-05-28,2022-05-29
,"Deniyaya, Matara",2022-05-29,2022-05-30
,"Deniyaya, Matara",2022-05-30,2022-05-31
,"Deniyaya, Matara",2022-05-31,2022-06-01
-9.464257435902104e-06,"Deniyaya, Matara",2022-06-01,2022-06-02
,"Deniyaya, Matara",2022-06-02,2022-06-03
0.0001207036476987,"Deniyaya, Matara",2022-06-03,2022-06-04
1.4503429955455684e-05,"Deniyaya, Matara",2022-06-04,2022-06-05
7.789365335364425e-05,"Deniyaya, Matara",2022-06-05,2022-06-06
,"Deniyaya, Matara",2022-06-06,2022-06-07
0.0001824894985919,"Deniyaya, Matara",2022-06-07,2022-06-08
9.900890710946562e-05,"Deniyaya, Matara",2022-06-08,2022-06-09
,"Deniyaya, Matara",2022-06-09,2022-06-10
0.0001269451468397,"Deniyaya, Matara",2022-06-10,2022-06-11
,"Deniyaya, Matara",2022-06-11,2022-06-12
0.0002555792194972,"Deniyaya, Matara",2022-06-12,2022-06-13
3.4014351501032704e-05,"Deniyaya, Matara",2022-06-13,2022-06-14
9.853320736171024e-05,"Deniyaya, Matara",2022-06-14,2022-06-15
,"Deniyaya, Matara",2022-06-15,2022-06-16
,"Deniyaya, Matara",2022-06-16,2022-06-17
,"Deniyaya, Matara",2022-06-17,2022-06-18
7.05725510757713e-05,"Deniyaya, Matara",2022-06-18,2022-06-19
,"Deniyaya, Matara",2022-06-19,2022-06-20
0.0001710036734569,"Deniyaya, Matara",2022-06-20,2022-06-21
,"Deniyaya, Matara",2022-06-21,2022-06-22
9.079122506770611e-06,"Deniyaya, Matara",2022-06-22,2022-06-23
4.867159904106869e-05,"Deniyaya, Matara",2022-06-23,2022-06-24
,"Deniyaya, Matara",2022-06-24,2022-06-25
,"Deniyaya, Matara",2022-06-25,2022-06-26
-1.2720894917538773e-05,"Deniyaya, Matara",2022-06-26,2022-06-27
7.738115287762488e-05,"Deniyaya, Matara",2022-06-27,2022-06-28
2.724056207423861e-05,"Deniyaya, Matara",2022-06-28,2022-06-29
6.044227804740366e-07,"Deniyaya, Matara",2022-06-29,2022-06-30
0.0001336767789283,"Deniyaya, Matara",2022-06-30,2022-07-01
-5.428728176268435e-06,"Deniyaya, Matara",2022-07-01,2022-07-02
,"Deniyaya, Matara",2022-07-02,2022-07-03
,"Deniyaya, Matara",2022-07-03,2022-07-04
,"Deniyaya, Matara",2022-07-04,2022-07-05
5.6872733782000846e-05,"Deniyaya, Matara",2022-07-05,2022-07-06
0.0001040935371215,"Deniyaya, Matara",2022-07-06,2022-07-07
2.5241141906594952e-05,"Deniyaya, Matara",2022-07-07,2022-07-08
6.58368636986783e-05,"Deniyaya, Matara",2022-07-08,2022-07-09
,"Deniyaya, Matara",2022-07-09,2022-07-10
2.876432586282974e-05,"Deniyaya, Matara",2022-07-10,2022-07-11
,"Deniyaya, Matara",2022-07-11,2022-07-12
-1.4444393071076972e-05,"Deniyaya, Matara",2022-07-12,2022-07-13
4.464121940750927e-05,"Deniyaya, Matara",2022-07-13,2022-07-14
6.064839515640578e-05,"Deniyaya, Matara",2022-07-14,2022-07-15
6.606611124691266e-05,"Deniyaya, Matara",2022-07-15,2022-07-16
0.0001810887650476,"Deniyaya, Matara",2022-07-16,2022-07-17
,"Deniyaya, Matara",2022-07-17,2022-07-18
,"Deniyaya, Matara",2022-07-18,2022-07-19
,"Deniyaya, Matara",2022-07-19,2022-07-20
2.1621476091067244e-05,"Deniyaya, Matara",2022-07-20,2022-07-21
,"Deniyaya, Matara",2022-07-21,2022-07-22
,"Deniyaya, Matara",2022-07-22,2022-07-23
4.809364614645015e-05,"Deniyaya, Matara",2022-07-23,2022-07-24
,"Deniyaya, Matara",2022-07-24,2022-07-25
0.0001817901440595,"Deniyaya, Matara",2022-07-25,2022-07-26
0.000206318043137,"Deniyaya, Matara",2022-07-26,2022-07-27
,"Deniyaya, Matara",2022-07-27,2022-07-28
,"Deniyaya, Matara",2022-07-28,2022-07-29
,"Deniyaya, Matara",2022-07-29,2022-07-30
0.0001411879190045,"Deniyaya, Matara",2022-07-30,2022-07-31
,"Deniyaya, Matara",2022-07-31,2022-08-01
,"Deniyaya, Matara",2022-08-01,2022-08-02
,"Deniyaya, Matara",2022-08-02,2022-08-03
,"Deniyaya, Matara",2022-08-03,2022-08-04
,"Deniyaya, Matara",2022-08-04,2022-08-05
,"Deniyaya, Matara",2022-08-05,2022-08-06
,"Deniyaya, Matara",2022-08-06,2022-08-07
,"Deniyaya, Matara",2022-08-07,2022-08-08
7.957072094844082e-06,"Deniyaya, Matara",2022-08-08,2022-08-09
3.7973685899751686e-05,"Deniyaya, Matara",2022-08-09,2022-08-10
5.59682648847421e-05,"Deniyaya, Matara",2022-08-10,2022-08-11
-7.385112958028738e-06,"Deniyaya, Matara",2022-08-11,2022-08-12
0.0001606708824007,"Deniyaya, Matara",2022-08-12,2022-08-13
3.889309724698397e-05,"Deniyaya, Matara",2022-08-13,2022-08-14
0.0001148176852533,"Deniyaya, Matara",2022-08-14,2022-08-15
1.4988955463202632e-05,"Deniyaya, Matara",2022-08-15,2022-08-16
6.512847524776707e-06,"Deniyaya, Matara",2022-08-16,2022-08-17
0.0001504443960242,"Deniyaya, Matara",2022-08-17,2022-08-18
4.659334746586859e-05,"Deniyaya, Matara",2022-08-18,2022-08-19
0.000178904913604,"Deniyaya, Matara",2022-08-19,2022-08-20
5.7615212272614325e-05,"Deniyaya, Matara",2022-08-20,2022-08-21
0.0001859830888631,"Deniyaya, Matara",2022-08-21,2022-08-22
,"Deniyaya, Matara",2022-08-22,2022-08-23
,"Deniyaya, Matara",2022-08-23,2022-08-24
,"Deniyaya, Matara",2022-08-24,2022-08-25
,"Deniyaya, Matara",2022-08-25,2022-08-26
,"Deniyaya, Matara",2022-08-26,2022-08-27
,"Deniyaya, Matara",2022-08-27,2022-08-28
,"Deniyaya, Matara",2022-08-28,2022-08-29
3.846518811155942e-05,"Deniyaya, Matara",2022-08-29,2022-08-30
,"Deniyaya, Matara",2022-08-30,2022-08-31
,"Deniyaya, Matara",2022-08-31,2022-09-01
,"Deniyaya, Matara",2022-09-01,2022-09-02
9.8111664159159e-05,"Deniyaya, Matara",2022-09-02,2022-09-03
,"Deniyaya, Matara",2022-09-03,2022-09-04
,"Deniyaya, Matara",2022-09-04,2022-09-05
,"Deniyaya, Matara",2022-09-05,2022-09-06
,"Deniyaya, Matara",2022-09-06,2022-09-07
,"Deniyaya, Matara",2022-09-07,2022-09-08
,"Deniyaya, Matara",2022-09-08,2022-09-09
,"Deniyaya, Matara",2022-09-09,2022-09-10
-4.640457060297126e-06,"Deniyaya, Matara",2022-09-10,2022-09-11
0.0001555514256354,"Deniyaya, Matara",2022-09-11,2022-09-12
4.787863400445251e-05,"Deniyaya, Matara",2022-09-12,2022-09-13
0.0001113375526485,"Deniyaya, Matara",2022-09-13,2022-09-14
,"Deniyaya, Matara",2022-09-14,2022-09-15
5.609874243877766e-05,"Deniyaya, Matara",2022-09-15,2022-09-16
6.176912313608768e-05,"Deniyaya, Matara",2022-09-16,2022-09-17
4.38470497455961e-05,"Deniyaya, Matara",2022-09-17,2022-09-18
4.218953368453165e-05,"Deniyaya, Matara",2022-09-18,2022-09-19
,"Deniyaya, Matara",2022-09-19,2022-09-20
2.2274725456590603e-05,"Deniyaya, Matara",2022-09-20,2022-09-21
8.1695769544229e-05,"Deniyaya, Matara",2022-09-21,2022-09-22
5.084676060116101e-05,"Deniyaya, Matara",2022-09-22,2022-09-23
4.2014043715497776e-05,"Deniyaya, Matara",2022-09-23,2022-09-24
4.725132690656406e-05,"Deniyaya, Matara",2022-09-24,2022-09-25
6.408974121809015e-05,"Deniyaya, Matara",2022-09-25,2022-09-26
-9.383261082492095e-06,"Deniyaya, Matara",2022-09-26,2022-09-27
0.0001288428552343,"Deniyaya, Matara",2022-09-27,2022-09-28
0.000136972311445,"Deniyaya, Matara",2022-09-28,2022-09-29
5.217425992775271e-05,"Deniyaya, Matara",2022-09-29,2022-09-30
,"Deniyaya, Matara",2022-09-30,2022-10-01
,"Deniyaya, Matara",2022-10-01,2022-10-02
,"Deniyaya, Matara",2022-10-02,2022-10-03
,"Deniyaya, Matara",2022-10-03,2022-10-04
,"Deniyaya, Matara",2022-10-04,2022-10-05
,"Deniyaya, Matara",2022-10-05,2022-10-06
-6.92390668412229e-05,"Deniyaya, Matara",2022-10-06,2022-10-07
,"Deniyaya, Matara",2022-10-07,2022-10-08
3.589134697514253e-05,"Deniyaya, Matara",2022-10-08,2022-10-09
0.0001207530373001,"Deniyaya, Matara",2022-10-09,2022-10-10
,"Deniyaya, Matara",2022-10-10,2022-10-11
,"Deniyaya, Matara",2022-10-11,2022-10-12
,"Deniyaya, Matara",2022-10-12,2022-10-13
,"Deniyaya, Matara",2022-10-13,2022-10-14
,"Deniyaya, Matara",2022-10-14,2022-10-15
,"Deniyaya, Matara",2022-10-15,2022-10-16
,"Deniyaya, Matara",2022-10-16,2022-10-17
,"Deniyaya, Matara",2022-10-17,2022-10-18
,"Deniyaya, Matara",2022-10-18,2022-10-19
3.508329540104517e-05,"Deniyaya, Matara",2022-10-19,2022-10-20
,"Deniyaya, Matara",2022-10-20,2022-10-21
,"Deniyaya, Matara",2022-10-21,2022-10-22
,"Deniyaya, Matara",2022-10-22,2022-10-23
,"Deniyaya, Matara",2022-10-23,2022-10-24
,"Deniyaya, Matara",2022-10-24,2022-10-25
,"Deniyaya, Matara",2022-10-25,2022-10-26
,"Deniyaya, Matara",2022-10-26,2022-10-27
0.0001210621465318,"Deniyaya, Matara",2022-10-27,2022-10-28
0.0002658054569501,"Deniyaya, Matara",2022-10-28,2022-10-29
,"Deniyaya, Matara",2022-10-29,2022-10-30
,"Deniyaya, Matara",2022-10-30,2022-10-31
,"Deniyaya, Matara",2022-10-31,2022-11-01
,"Deniyaya, Matara",2022-11-01,2022-11-02
8.026747495163149e-05,"Deniyaya, Matara",2022-11-02,2022-11-03
,"Deniyaya, Matara",2022-11-03,2022-11-04
,"Deniyaya, Matara",2022-11-04,2022-11-05
,"Deniyaya, Matara",2022-11-05,2022-11-06
0.000464649923647,"Deniyaya, Matara",2022-11-06,2022-11-07
,"Deniyaya, Matara",2022-11-07,2022-11-08
,"Deniyaya, Matara",2022-11-08,2022-11-09
,"Deniyaya, Matara",2022-11-09,2022-11-10
,"Deniyaya, Matara",2022-11-10,2022-11-11
0.0002011347231285,"Deniyaya, Matara",2022-11-11,2022-11-12
,"Deniyaya, Matara",2022-11-12,2022-11-13
,"Deniyaya, Matara",2022-11-13,2022-11-14
2.6058102158502537e-05,"Deniyaya, Matara",2022-11-14,2022-11-15
,"Deniyaya, Matara",2022-11-15,2022-11-16
,"Deniyaya, Matara",2022-11-16,2022-11-17
0.0001220587221909,"Deniyaya, Matara",2022-11-17,2022-11-18
0.0001212596920144,"Deniyaya, Matara",2022-11-18,2022-11-19
,"Deniyaya, Matara",2022-11-19,2022-11-20
0.0001682282632173,"Deniyaya, Matara",2022-11-20,2022-11-21
0.0001377111045833,"Deniyaya, Matara",2022-11-21,2022-11-22
7.871344075470074e-05,"Deniyaya, Matara",2022-11-22,2022-11-23
6.0761262078494e-05,"Deniyaya, Matara",2022-11-23,2022-11-24
7.072246778968517e-05,"Deniyaya, Matara",2022-11-24,2022-11-25
0.0001927633460105,"Deniyaya, Matara",2022-11-25,2022-11-26
,"Deniyaya, Matara",2022-11-26,2022-11-27
,"Deniyaya, Matara",2022-11-27,2022-11-28
,"Deniyaya, Matara",2022-11-28,2022-11-29
,"Deniyaya, Matara",2022-11-29,2022-11-30
0.0001364157957485,"Deniyaya, Matara",2022-11-30,2022-12-01
0.0001202947494789,"Deniyaya, Matara",2022-12-01,2022-12-02
,"Deniyaya, Matara",2022-12-02,2022-12-03
,"Deniyaya, Matara",2022-12-03,2022-12-04
0.0001044564835691,"Deniyaya, Matara",2022-12-04,2022-12-05
4.845764671216594e-05,"Deniyaya, Matara",2022-12-05,2022-12-06
,"Deniyaya, Matara",2022-12-06,2022-12-07
,"Deniyaya, Matara",2022-12-07,2022-12-08
,"Deniyaya, Matara",2022-12-08,2022-12-09
,"Deniyaya, Matara",2022-12-09,2022-12-10
,"Deniyaya, Matara",2022-12-10,2022-12-11
9.320620975570026e-05,"Deniyaya, Matara",2022-12-11,2022-12-12
,"Deniyaya, Matara",2022-12-12,2022-12-13
0.0001069880993197,"Deniyaya, Matara",2022-12-13,2022-12-14
-0.0002137396184486,"Deniyaya, Matara",2022-12-14,2022-12-15
5.583327128363942e-06,"Deniyaya, Matara",2022-12-15,2022-12-16
1.902109869992537e-05,"Deniyaya, Matara",2022-12-16,2022-12-17
0.0001525903389394,"Deniyaya, Matara",2022-12-17,2022-12-18
,"Deniyaya, Matara",2022-12-18,2022-12-19
,"Deniyaya, Matara",2022-12-19,2022-12-20
,"Deniyaya, Matara",2022-12-20,2022-12-21
,"Deniyaya, Matara",2022-12-21,2022-12-22
,"Deniyaya, Matara",2022-12-22,2022-12-23
8.53175657688922e-05,"Deniyaya, Matara",2022-12-23,2022-12-24
,"Deniyaya, Matara",2022-12-24,2022-12-25
,"Deniyaya, Matara",2022-12-25,2022-12-26
,"Deniyaya, Matara",2022-12-26,2022-12-27
0.0001380181641814,"Deniyaya, Matara",2022-12-27,2022-12-28
0.0001872226360459,"Deniyaya, Matara",2022-12-28,2022-12-29
1.505185474815644e-06,"Deniyaya, Matara",2022-12-29,2022-12-30
-3.5529062180789846e-05,"Deniyaya, Matara",2022-12-30,2022-12-31
0.0003506867221042,"Deniyaya, Matara",2022-12-31,2023-01-01
7.169464229737906e-05,"Deniyaya, Matara",2023-01-01,2023-01-02
9.36433217436386e-05,"Deniyaya, Matara",2023-01-02,2023-01-03
,"Deniyaya, Matara",2023-01-03,2023-01-04
,"Deniyaya, Matara",2023-01-04,2023-01-05
,"Deniyaya, Matara",2023-01-05,2023-01-06
4.0442834866700766e-05,"Deniyaya, Matara",2023-01-06,2023-01-07
,"Deniyaya, Matara",2023-01-07,2023-01-08
,"Deniyaya, Matara",2023-01-08,2023-01-09
,"Deniyaya, Matara",2023-01-09,2023-01-10
,"Deniyaya, Matara",2023-01-10,2023-01-11
-1.860919842740232e-06,"Deniyaya, Matara",2023-01-11,2023-01-12
0.0001631737160943,"Deniyaya, Matara",2023-01-12,2023-01-13
0.0002155935142532,"Deniyaya, Matara",2023-01-13,2023-01-14
,"Deniyaya, Matara",2023-01-14,2023-01-15
,"Deniyaya, Matara",2023-01-15,2023-01-16
,"Deniyaya, Matara",2023-01-16,2023-01-17
,"Deniyaya, Matara",2023-01-17,2023-01-18
,"Deniyaya, Matara",2023-01-18,2023-01-19
2.1386846930892285e-05,"Deniyaya, Matara",2023-01-19,2023-01-20
-2.970450393897801e-05,"Deniyaya, Matara",2023-01-20,2023-01-21
,"Deniyaya, Matara",2023-01-21,2023-01-22
,"Deniyaya, Matara",2023-01-22,2023-01-23
9.049508264607186e-05,"Deniyaya, Matara",2023-01-23,2023-01-24
,"Deniyaya, Matara",2023-01-24,2023-01-25
-4.121447989870412e-05,"Deniyaya, Matara",2023-01-25,2023-01-26
8.399649617308312e-05,"Deniyaya, Matara",2023-01-26,2023-01-27
,"Deniyaya, Matara",2023-01-27,2023-01-28
0.0001496633888216,"Deniyaya, Matara",2023-01-28,2023-01-29
9.544317238821683e-05,"Deniyaya, Matara",2023-01-29,2023-01-30
,"Deniyaya, Matara",2023-01-30,2023-01-31
,"Deniyaya, Matara",2023-01-31,2023-02-01
,"Deniyaya, Matara",2023-02-01,2023-02-02
,"Deniyaya, Matara",2023-02-02,2023-02-03
,"Deniyaya, Matara",2023-02-03,2023-02-04
,"Deniyaya, Matara",2023-02-04,2023-02-05
,"Deniyaya, Matara",2023-02-05,2023-02-06
,"Deniyaya, Matara",2023-02-06,2023-02-07
1.5640040222149375e-05,"Deniyaya, Matara",2023-02-07,2023-02-08
0.000215994187924,"Deniyaya, Matara",2023-02-08,2023-02-09
0.0001825659959775,"Deniyaya, Matara",2023-02-09,2023-02-10
,"Deniyaya, Matara",2023-02-10,2023-02-11
,"Deniyaya, Matara",2023-02-11,2023-02-12
3.431482652575244e-05,"Deniyaya, Matara",2023-02-12,2023-02-13
1.2289563167959992e-05,"Deniyaya, Matara",2023-02-13,2023-02-14
0.0002344875642797,"Deniyaya, Matara",2023-02-14,2023-02-15
,"Deniyaya, Matara",2023-02-15,2023-02-16
0.0001750885341174,"Deniyaya, Matara",2023-02-16,2023-02-17
0.0001081774221779,"Deniyaya, Matara",2023-02-17,2023-02-18
6.578241782784244e-05,"Deniyaya, Matara",2023-02-18,2023-02-19
-6.916265567256713e-05,"Deniyaya, Matara",2023-02-19,2023-02-20
,"Deniyaya, Matara",2023-02-20,2023-02-21
,"Deniyaya, Matara",2023-02-21,2023-02-22
6.184132146729261e-05,"Deniyaya, Matara",2023-02-22,2023-02-23
-3.496996412401181e-05,"Deniyaya, Matara",2023-02-23,2023-02-24
0.0002736071750677,"Deniyaya, Matara",2023-02-24,2023-02-25
5.6782166452617856e-05,"Deniyaya, Matara",2023-02-25,2023-02-26
2.223903120121664e-05,"Deniyaya, Matara",2023-02-26,2023-02-27
4.302654489320091e-05,"Deniyaya, Matara",2023-02-27,2023-02-28
1.771444557330602e-06,"Deniyaya, Matara",2023-02-28,2023-03-01
,"Deniyaya, Matara",2023-03-01,2023-03-02
,"Deniyaya, Matara",2023-03-02,2023-03-03
,"Deniyaya, Matara",2023-03-03,2023-03-04
0.0003064208130367,"Deniyaya, Matara",2023-03-04,2023-03-05
0.0001250092235546,"Deniyaya, Matara",2023-03-05,2023-03-06
0.000113142236545,"Deniyaya, Matara",2023-03-06,2023-03-07
0.0001587675523449,"Deniyaya, Matara",2023-03-07,2023-03-08
5.3497145352733686e-06,"Deniyaya, Matara",2023-03-08,2023-03-09
0.0001198655891988,"Deniyaya, Matara",2023-03-09,2023-03-10
,"Deniyaya, Matara",2023-03-10,2023-03-11
,"Deniyaya, Matara",2023-03-11,2023-03-12
8.972196602187521e-05,"Deniyaya, Matara",2023-03-12,2023-03-13
0.0002490810634519,"Deniyaya, Matara",2023-03-13,2023-03-14
,"Deniyaya, Matara",2023-03-14,2023-03-15
,"Deniyaya, Matara",2023-03-15,2023-03-16
,"Deniyaya, Matara",2023-03-16,2023-03-17
-1.080891817305178e-05,"Deniyaya, Matara",2023-03-17,2023-03-18
0.0001538653834762,"Deniyaya, Matara",2023-03-18,2023-03-19
,"Deniyaya, Matara",2023-03-19,2023-03-20
3.8173171573303865e-05,"Deniyaya, Matara",2023-03-20,2023-03-21
,"Deniyaya, Matara",2023-03-21,2023-03-22
,"Deniyaya, Matara",2023-03-22,2023-03-23
0.0001781179576199,"Deniyaya, Matara",2023-03-23,2023-03-24
,"Deniyaya, Matara",2023-03-24,2023-03-25
7.698513066253081e-05,"Deniyaya, Matara",2023-03-25,2023-03-26
5.9747310367104205e-05,"Deniyaya, Matara",2023-03-26,2023-03-27
,"Deniyaya, Matara",2023-03-27,2023-03-28
0.0004418736040891,"Deniyaya, Matara",2023-03-28,2023-03-29
0.0001237537190187,"Deniyaya, Matara",2023-03-29,2023-03-30
,"Deniyaya, Matara",2023-03-30,2023-03-31
,"Deniyaya, Matara",2023-03-31,2023-04-01
0.0001776886206053,"Deniyaya, Matara",2023-04-01,2023-04-02
7.874862708092882e-05,"Deniyaya, Matara",2023-04-02,2023-04-03
0.0001109676428073,"Deniyaya, Matara",2023-04-03,2023-04-04
,"Deniyaya, Matara",2023-04-04,2023-04-05
6.202933726447077e-05,"Deniyaya, Matara",2023-04-05,2023-04-06
7.484012691389921e-05,"Deniyaya, Matara",2023-04-06,2023-04-07
0.0001427698529624,"Deniyaya, Matara",2023-04-07,2023-04-08
,"Deniyaya, Matara",2023-04-08,2023-04-09
2.667663238722656e-05,"Deniyaya, Matara",2023-04-09,2023-04-10
,"Deniyaya, Matara",2023-04-10,2023-04-11
0.0001374172603294,"Deniyaya, Matara",2023-04-11,2023-04-12
0.0001650285970605,"Deniyaya, Matara",2023-04-12,2023-04-13
0.0001396015174761,"Deniyaya, Matara",2023-04-13,2023-04-14
0.0001241979655405,"Deniyaya, Matara",2023-04-14,2023-04-15
1.2938095333670409e-05,"Deniyaya, Matara",2023-04-15,2023-04-16
,"Deniyaya, Matara",2023-04-16,2023-04-17
0.0002964527594232,"Deniyaya, Matara",2023-04-17,2023-04-18
0.0001487440903902,"Deniyaya, Matara",2023-04-18,2023-04-19
0.0001811268645655,"Deniyaya, Matara",2023-04-19,2023-04-20
,"Deniyaya, Matara",2023-04-20,2023-04-21
,"Deniyaya, Matara",2023-04-21,2023-04-22
6.634853392887615e-05,"Deniyaya, Matara",2023-04-22,2023-04-23
,"Deniyaya, Matara",2023-04-23,2023-04-24
0.0005367984512048,"Deniyaya, Matara",2023-04-24,2023-04-25
,"Deniyaya, Matara",2023-04-25,2023-04-26
,"Deniyaya, Matara",2023-04-26,2023-04-27
0.0001525047163951,"Deniyaya, Matara",2023-04-27,2023-04-28
,"Deniyaya, Matara",2023-04-28,2023-04-29
,"Deniyaya, Matara",2023-04-29,2023-04-30
1.3755844067142111e-05,"Deniyaya, Matara",2023-04-30,2023-05-01
,"Deniyaya, Matara",2023-05-01,2023-05-02
0.000294218285664,"Deniyaya, Matara",2023-05-02,2023-05-03
0.0001834360279655,"Deniyaya, Matara",2023-05-03,2023-05-04
,"Deniyaya, Matara",2023-05-04,2023-05-05
,"Deniyaya, Matara",2023-05-05,2023-05-06
,"Deniyaya, Matara",2023-05-06,2023-05-07
,"Deniyaya, Matara",2023-05-07,2023-05-08
7.827712073089403e-05,"Deniyaya, Matara",2023-05-08,2023-05-09
,"Deniyaya, Matara",2023-05-09,2023-05-10
,"Deniyaya, Matara",2023-05-10,2023-05-11
,"Deniyaya, Matara",2023-05-11,2023-05-12
,"Deniyaya, Matara",2023-05-12,2023-05-13
0.0001009699022513,"Deniyaya, Matara",2023-05-13,2023-05-14
,"Deniyaya, Matara",2023-05-14,2023-05-15
0.00014478078923,"Deniyaya, Matara",2023-05-15,2023-05-16
0.0001922564690827,"Deniyaya, Matara",2023-05-16,2023-05-17
0.0002185844974499,"Deniyaya, Matara",2023-05-17,2023-05-18
0.0001588842691705,"Deniyaya, Matara",2023-05-18,2023-05-19
,"Deniyaya, Matara",2023-05-19,2023-05-20
0.0002123592928169,"Deniyaya, Matara",2023-05-20,2023-05-21
,"Deniyaya, Matara",2023-05-21,2023-05-22
9.85495884475047e-05,"Deniyaya, Matara",2023-05-22,2023-05-23
6.309908788815101e-05,"Deniyaya, Matara",2023-05-23,2023-05-24
-8.598253808476787e-06,"Deniyaya, Matara",2023-05-24,2023-05-25
0.0002296672127841,"Deniyaya, Matara",2023-05-25,2023-05-26
-0.0001179925326757,"Deniyaya, Matara",2023-05-26,2023-05-27
-5.730786804871004e-05,"Deniyaya, Matara",2023-05-27,2023-05-28
7.871604080151962e-05,"Deniyaya, Matara",2023-05-28,2023-05-29
,"Deniyaya, Matara",2023-05-29,2023-05-30
0.0001274159015278,"Deniyaya, Matara",2023-05-30,2023-05-31
9.880669639056384e-05,"Deniyaya, Matara",2023-05-31,2023-06-01
0.0001143740025855,"Deniyaya, Matara",2023-06-01,2023-06-02
,"Deniyaya, Matara",2023-06-02,2023-06-03
,"Deniyaya, Matara",2023-06-03,2023-06-04
,"Deniyaya, Matara",2023-06-04,2023-06-05
2.195230073699613e-06,"Deniyaya, Matara",2023-06-05,2023-06-06
0.0002024301481572,"Deniyaya, Matara",2023-06-06,2023-06-07
,"Deniyaya, Matara",2023-06-07,2023-06-08
,"Deniyaya, Matara",2023-06-08,2023-06-09
,"Deniyaya, Matara",2023-06-09,2023-06-10
0.0001063946303141,"Deniyaya, Matara",2023-06-10,2023-06-11
-2.2358521792620195e-05,"Deniyaya, Matara",2023-06-11,2023-06-12
,"Deniyaya, Matara",2023-06-12,2023-06-13
,"Deniyaya, Matara",2023-06-13,2023-06-14
-1.4683952738099934e-05,"Deniyaya, Matara",2023-06-14,2023-06-15
,"Deniyaya, Matara",2023-06-15,2023-06-16
9.46276806900288e-05,"Deniyaya, Matara",2023-06-16,2023-06-17
,"Deniyaya, Matara",2023-06-17,2023-06-18
,"Deniyaya, Matara",2023-06-18,2023-06-19
,"Deniyaya, Matara",2023-06-19,2023-06-20
,"Deniyaya, Matara",2023-06-20,2023-06-21
,"Deniyaya, Matara",2023-06-21,2023-06-22
0.0001377765334739,"Deniyaya, Matara",2023-06-22,2023-06-23
2.892870480613205e-05,"Deniyaya, Matara",2023-06-23,2023-06-24
6.389860455942337e-05,"Deniyaya, Matara",2023-06-24,2023-06-25
,"Deniyaya, Matara",2023-06-25,2023-06-26
,"Deniyaya, Matara",2023-06-26,2023-06-27
6.704852455813411e-05,"Deniyaya, Matara",2023-06-27,2023-06-28
0.0001106896824545,"Deniyaya, Matara",2023-06-28,2023-06-29
,"Deniyaya, Matara",2023-06-29,2023-06-30
-7.534215509575606e-05,"Deniyaya, Matara",2023-06-30,2023-07-01
,"Deniyaya, Matara",2023-07-01,2023-07-02
,"Deniyaya, Matara",2023-07-02,2023-07-03
0.0002021358529492,"Deniyaya, Matara",2023-07-03,2023-07-04
,"Deniyaya, Matara",2023-07-04,2023-07-05
,"Deniyaya, Matara",2023-07-05,2023-07-06
,"Deniyaya, Matara",2023-07-06,2023-07-07
,"Deniyaya, Matara",2023-07-07,2023-07-08
0.0001370563527496,"Deniyaya, Matara",2023-07-08,2023-07-09
3.616520432973071e-05,"Deniyaya, Matara",2023-07-09,2023-07-10
,"Deniyaya, Matara",2023-07-10,2023-07-11
5.50486241074281e-05,"Deniyaya, Matara",2023-07-11,2023-07-12
1.0087443895991318e-05,"Deniyaya, Matara",2023-07-12,2023-07-13
6.875689656498243e-05,"Deniyaya, Matara",2023-07-13,2023-07-14
,"Deniyaya, Matara",2023-07-14,2023-07-15
-2.673674711807168e-05,"Deniyaya, Matara",2023-07-15,2023-07-16
,"Deniyaya, Matara",2023-07-16,2023-07-17
-4.869497392328926e-06,"Deniyaya, Matara",2023-07-17,2023-07-18
4.788902431572596e-05,"Deniyaya, Matara",2023-07-18,2023-07-19
-2.971257075747845e-06,"Deniyaya, Matara",2023-07-19,2023-07-20
4.0866547261840186e-05,"Deniyaya, Matara",2023-07-20,2023-07-21
2.03969750011837e-05,"Deniyaya, Matara",2023-07-21,2023-07-22
-6.42010686206235e-05,"Deniyaya, Matara",2023-07-22,2023-07-23
6.6319814784385786e-06,"Deniyaya, Matara",2023-07-23,2023-07-24
,"Deniyaya, Matara",2023-07-24,2023-07-25
,"Deniyaya, Matara",2023-07-25,2023-07-26
,"Deniyaya, Matara",2023-07-26,2023-07-27
1.702629377800378e-05,"Deniyaya, Matara",2023-07-27,2023-07-28
-3.655631780132558e-05,"Deniyaya, Matara",2023-07-28,2023-07-29
1.9942317433382263e-05,"Deniyaya, Matara",2023-07-29,2023-07-30
-3.866315461827765e-05,"Deniyaya, Matara",2023-07-30,2023-07-31
-7.139582778127925e-05,"Deniyaya, Matara",2023-07-31,2023-08-01
4.546878190333665e-06,"Deniyaya, Matara",2023-08-01,2023-08-02
4.757678647449002e-05,"Deniyaya, Matara",2023-08-02,2023-08-03
3.049533876822192e-05,"Deniyaya, Matara",2023-08-03,2023-08-04
0.000182768375509,"Deniyaya, Matara",2023-08-04,2023-08-05
0.0001117710800714,"Deniyaya, Matara",2023-08-05,2023-08-06
7.284778142993559e-05,"Deniyaya, Matara",2023-08-06,2023-08-07
5.9279979540697286e-05,"Deniyaya, Matara",2023-08-07,2023-08-08
5.64746947678288e-05,"Deniyaya, Matara",2023-08-08,2023-08-09
6.266203353290402e-05,"Deniyaya, Matara",2023-08-09,2023-08-10
6.438684872249725e-05,"Deniyaya, Matara",2023-08-10,2023-08-11
-1.3483024428697988e-08,"Deniyaya, Matara",2023-08-11,2023-08-12
0.0001767895106966,"Deniyaya, Matara",2023-08-12,2023-08-13
4.134073694717008e-05,"Deniyaya, Matara",2023-08-13,2023-08-14
-4.22518030303873e-05,"Deniyaya, Matara",2023-08-14,2023-08-15
2.111098710570413e-05,"Deniyaya, Matara",2023-08-15,2023-08-16
-1.4511191694968417e-05,"Deniyaya, Matara",2023-08-16,2023-08-17
4.809858179990245e-05,"Deniyaya, Matara",2023-08-17,2023-08-18
8.757289509145106e-06,"Deniyaya, Matara",2023-08-18,2023-08-19
-2.7226003325564182e-05,"Deniyaya, Matara",2023-08-19,2023-08-20
0.0001402804698621,"Deniyaya, Matara",2023-08-20,2023-08-21
7.867157752275577e-05,"Deniyaya, Matara",2023-08-21,2023-08-22
9.272025797347728e-05,"Deniyaya, Matara",2023-08-22,2023-08-23
8.461176919038305e-05,"Deniyaya, Matara",2023-08-23,2023-08-24
0.00010967933379,"Deniyaya, Matara",2023-08-24,2023-08-25
0.000112196572322,"Deniyaya, Matara",2023-08-25,2023-08-26
,"Deniyaya, Matara",2023-08-26,2023-08-27
-3.89804995392192e-05,"Deniyaya, Matara",2023-08-27,2023-08-28
-4.738957201891463e-06,"Deniyaya, Matara",2023-08-28,2023-08-29
,"Deniyaya, Matara",2023-08-29,2023-08-30
,"Deniyaya, Matara",2023-08-30,2023-08-31
,"Deniyaya, Matara",2023-08-31,2023-09-01
,"Deniyaya, Matara",2023-09-01,2023-09-02
,"Deniyaya, Matara",2023-09-02,2023-09-03
,"Deniyaya, Matara",2023-09-03,2023-09-04
,"Deniyaya, Matara",2023-09-04,2023-09-05
,"Deniyaya, Matara",2023-09-05,2023-09-06
,"Deniyaya, Matara",2023-09-06,2023-09-07
,"Deniyaya, Matara",2023-09-07,2023-09-08
,"Deniyaya, Matara",2023-09-08,2023-09-09
,"Deniyaya, Matara",2023-09-09,2023-09-10
,"Deniyaya, Matara",2023-09-10,2023-09-11
,"Deniyaya, Matara",2023-09-11,2023-09-12
,"Deniyaya, Matara",2023-09-12,2023-09-13
,"Deniyaya, Matara",2023-09-13,2023-09-14
,"Deniyaya, Matara",2023-09-14,2023-09-15
,"Deniyaya, Matara",2023-09-15,2023-09-16
,"Deniyaya, Matara",2023-09-16,2023-09-17
,"Deniyaya, Matara",2023-09-17,2023-09-18
,"Deniyaya, Matara",2023-09-18,2023-09-19
7.966551476995192e-05,"Deniyaya, Matara",2023-09-19,2023-09-20
,"Deniyaya, Matara",2023-09-20,2023-09-21
6.14523745919886e-05,"Deniyaya, Matara",2023-09-21,2023-09-22
,"Deniyaya, Matara",2023-09-22,2023-09-23
,"Deniyaya, Matara",2023-09-23,2023-09-24
,"Deniyaya, Matara",2023-09-24,2023-09-25
6.729614205860716e-05,"Deniyaya, Matara",2023-09-25,2023-09-26
,"Deniyaya, Matara",2023-09-26,2023-09-27
,"Deniyaya, Matara",2023-09-27,2023-09-28
,"Deniyaya, Matara",2023-09-28,2023-09-29
,"Deniyaya, Matara",2023-09-29,2023-09-30
,"Deniyaya, Matara",2023-09-30,2023-10-01
,"Deniyaya, Matara",2023-10-01,2023-10-02
,"Deniyaya, Matara",2023-10-02,2023-10-03
,"Deniyaya, Matara",2023-10-03,2023-10-04
,"Deniyaya, Matara",2023-10-04,2023-10-05
,"Deniyaya, Matara",2023-10-05,2023-10-06
,"Deniyaya, Matara",2023-10-06,2023-10-07
0.0002079933903549,"Deniyaya, Matara",2023-10-07,2023-10-08
,"Deniyaya, Matara",2023-10-08,2023-10-09
,"Deniyaya, Matara",2023-10-09,2023-10-10
,"Deniyaya, Matara",2023-10-10,2023-10-11
,"Deniyaya, Matara",2023-10-11,2023-10-12
,"Deniyaya, Matara",2023-10-12,2023-10-13
,"Deniyaya, Matara",2023-10-13,2023-10-14
,"Deniyaya, Matara",2023-10-14,2023-10-15
,"Deniyaya, Matara",2023-10-15,2023-10-16
4.771259924672508e-05,"Deniyaya, Matara",2023-10-16,2023-10-17
,"Deniyaya, Matara",2023-10-17,2023-10-18
,"Deniyaya, Matara",2023-10-18,2023-10-19
,"Deniyaya, Matara",2023-10-19,2023-10-20
-3.600144853980223e-07,"Deniyaya, Matara",2023-10-20,2023-10-21
,"Deniyaya, Matara",2023-10-21,2023-10-22
,"Deniyaya, Matara",2023-10-22,2023-10-23
,"Deniyaya, Matara",2023-10-23,2023-10-24
,"Deniyaya, Matara",2023-10-24,2023-10-25
,"Deniyaya, Matara",2023-10-25,2023-10-26
-1.54619333695409e-05,"Deniyaya, Matara",2023-10-26,2023-10-27
0.0001646177020159,"Deniyaya, Matara",2023-10-27,2023-10-28
0.0001845578806959,"Deniyaya, Matara",2023-10-28,2023-10-29
,"Deniyaya, Matara",2023-10-29,2023-10-30
0.0001100181707097,"Deniyaya, Matara",2023-10-30,2023-10-31
4.326112640784534e-05,"Deniyaya, Matara",2023-10-31,2023-11-01
,"Deniyaya, Matara",2023-11-01,2023-11-02
,"Deniyaya, Matara",2023-11-02,2023-11-03
,"Deniyaya, Matara",2023-11-03,2023-11-04
,"Deniyaya, Matara",2023-11-04,2023-11-05
,"Deniyaya, Matara",2023-11-05,2023-11-06
,"Deniyaya, Matara",2023-11-06,2023-11-07
,"Deniyaya, Matara",2023-11-07,2023-11-08
0.0002117989562766,"Deniyaya, Matara",2023-11-08,2023-11-09
,"Deniyaya, Matara",2023-11-09,2023-11-10
-6.789071314300927e-05,"Deniyaya, Matara",2023-11-10,2023-11-11
8.247477091032861e-05,"Deniyaya, Matara",2023-11-11,2023-11-12
,"Deniyaya, Matara",2023-11-12,2023-11-13
,"Deniyaya, Matara",2023-11-13,2023-11-14
,"Deniyaya, Matara",2023-11-14,2023-11-15
-1.8007558609338862e-05,"Deniyaya, Matara",2023-11-15,2023-11-16
9.473118075529136e-05,"Deniyaya, Matara",2023-11-16,2023-11-17
3.46532396208114e-05,"Deniyaya, Matara",2023-11-17,2023-11-18
-3.359668048079802e-05,"Deniyaya, Matara",2023-11-18,2023-11-19
,"Deniyaya, Matara",2023-11-19,2023-11-20
5.9405907008403406e-05,"Deniyaya, Matara",2023-11-20,2023-11-21
,"Deniyaya, Matara",2023-11-21,2023-11-22
,"Deniyaya, Matara",2023-11-22,2023-11-23
0.0001390543799269,"Deniyaya, Matara",2023-11-23,2023-11-24
,"Deniyaya, Matara",2023-11-24,2023-11-25
9.717686430566911e-05,"Deniyaya, Matara",2023-11-25,2023-11-26
8.900176918972284e-05,"Deniyaya, Matara",2023-11-26,2023-11-27
0.0001094852073353,"Deniyaya, Matara",2023-11-27,2023-11-28
,"Deniyaya, Matara",2023-11-28,2023-11-29
,"Deniyaya, Matara",2023-11-29,2023-11-30
,"Deniyaya, Matara",2023-11-30,2023-12-01
,"Deniyaya, Matara",2023-12-01,2023-12-02
0.0002280575611766,"Deniyaya, Matara",2023-12-02,2023-12-03
,"Deniyaya, Matara",2023-12-03,2023-12-04
,"Deniyaya, Matara",2023-12-04,2023-12-05
,"Deniyaya, Matara",2023-12-05,2023-12-06
,"Deniyaya, Matara",2023-12-06,2023-12-07
0.0001833126720592,"Deniyaya, Matara",2023-12-07,2023-12-08
,"Deniyaya, Matara",2023-12-08,2023-12-09
,"Deniyaya, Matara",2023-12-09,2023-12-10
,"Deniyaya, Matara",2023-12-10,2023-12-11
9.172827110939618e-05,"Deniyaya, Matara",2023-12-11,2023-12-12
,"Deniyaya, Matara",2023-12-12,2023-12-13
-1.161305319806964e-05,"Deniyaya, Matara",2023-12-13,2023-12-14
,"Deniyaya, Matara",2023-12-14,2023-12-15
,"Deniyaya, Matara",2023-12-15,2023-12-16
,"Deniyaya, Matara",2023-12-16,2023-12-17
,"Deniyaya, Matara",2023-12-17,2023-12-18
,"Deniyaya, Matara",2023-12-18,2023-12-19
1.1028121148346528e-05,"Deniyaya, Matara",2023-12-19,2023-12-20
0.0001282711591571,"Deniyaya, Matara",2023-12-20,2023-12-21
2.168823721318748e-05,"Deniyaya, Matara",2023-12-21,2023-12-22
,"Deniyaya, Matara",2023-12-22,2023-12-23
5.3081248336759565e-05,"Deniyaya, Matara",2023-12-23,2023-12-24
6.343488840490688e-05,"Deniyaya, Matara",2023-12-24,2023-12-25
7.16594721727925e-05,"Deniyaya, Matara",2023-12-25,2023-12-26
5.91728579519819e-05,"Deniyaya, Matara",2023-12-26,2023-12-27
0.000227705836447,"Deniyaya, Matara",2023-12-27,2023-12-28
,"Deniyaya, Matara",2023-12-28,2023-12-29
,"Deniyaya, Matara",2023-12-29,2023-12-30
0.0001161015238442,"Deniyaya, Matara",2023-12-30,2023-12-31
,"Deniyaya, Matara",2023-12-31,2024-01-01
